user,tweets,openness,conscientiousness,extraversion,agreeableness,neuroticism
497145453,100668,,,,,
2924224280,64015,,,,,
1484740038,64015,,,,,
2421024865,64015,,,,,
2306464862,64015,,,,,
2586094238,64015,,,,,
2332340406,64015,,,,,
1602852614,64015,,,,,
88164343,64015,,,,,
2851626845,64015,,,,,
324481619,64015,,,,,
2336388023,64015,,,,,
388009236,64015,,,,,
2595995856,64015,,,,,
2252314255,64015,,,,,
3048871293,64015,,,,,
2587789764,64015,,,,,
1589692776,64015,,,,,
176981297,64015,,,,,
2361533634,64015,,,,,
2267831660,64015,,,,,
1266803563,64015,,,,,
2559333156,64015,,,,,
2327706649,64015,,,,,
2362771358,64015,,,,,
2841269945,64015,,,,,
180365358,64015,,,,,
631133874,64015,,,,,
1606906374,64015,,,,,
253142088,64015,,,,,
37402072,64015,,,,,
1544159024,64015,,,,,
2485811094,64015,,,,,
870560696,64015,,,,,
2810074439,64015,,,,,
485013829,64015,,,,,
28918980,64015,,,,,
64928068,64015,,,,,
211252248,64015,,,,,
2654767718,64015,,,,,
467866396,64015,,,,,
1205532768,64015,,,,,
459921054,64015,,,,,
1606472113,64015,,,,,
317680173,64015,,,,,
349636885,64015,,,,,
2471647363,64015,,,,,
284534859,64015,,,,,
54988729,64015,,,,,
941509892,64015,,,,,
1898258479,64015,,,,,
2842684723,64015,,,,,
70626091,64015,,,,,
196929096,64015,,,,,
1939107337,64015,,,,,
121262614,64015,,,,,
2365967174,64015,,,,,
2469678714,64015,,,,,
1063076700,64015,,,,,
129720313,64015,,,,,
61366106,64015,,,,,
3011564853,64015,,,,,
1440534188,64015,,,,,
2273469763,64015,,,,,
1166383453,64015,,,,,
56266341,64015,,,,,
207203414,64015,,,,,
416661318,64015,,,,,
1230267290,64015,,,,,
786726854,64015,,,,,
1957224986,64015,,,,,
199324673,64015,,,,,
1408370630,64015,,,,,
1198355605,64015,,,,,
2543131938,64015,,,,,
2753892930,64015,,,,,
2491107368,64015,,,,,
759953168,64015,,,,,
606798932,64015,,,,,
91316071,64015,,,,,
2651294322,64015,,,,,
2571483007,64015,,,,,
150476715,64015,,,,,
2831420532,64015,,,,,
303766706,64015,,,,,
1329515774,64015,,,,,
429695311,64015,,,,,
1292112487,64015,,,,,
70291924,64015,,,,,
28620145,64015,,,,,
2410453038,64015,,,,,
2776752523,64015,,,,,
737628036,64015,,,,,
249818911,64015,,,,,
128246428,64015,,,,,
1409839502,64015,,,,,
2303579457,64015,,,,,
1562535186,64015,,,,,
276980607,64015,,,,,
222502863,64015,,,,,
823295426,64015,,,,,
148187914,64015,,,,,
2967130770,64015,,,,,
129940028,64015,,,,,
342861797,64015,,,,,
53932318,64015,,,,,
2979880064,64015,,,,,
250248914,64015,,,,,
2469711541,64015,,,,,
1396149025,64015,,,,,
94153269,64015,,,,,
2244876562,64015,,,,,
15519381,64015,,,,,
17412990,64015,,,,,
321848592,64015,,,,,
110827861,64015,,,,,
2377573225,64015,,,,,
64255428,64015,,,,,
227423290,64015,,,,,
168762831,64015,,,,,
55218049,64015,,,,,
21021175,64015,,,,,
299255869,64015,,,,,
1226740093,64015,,,,,
55540658,64015,,,,,
2923178940,64015,,,,,
53969028,64015,,,,,
2868936190,64015,,,,,
628765849,64015,,,,,
387735958,64015,,,,,
1283076512,64015,,,,,
2617516549,64015,,,,,
300783878,64015,,,,,
3144822634,64015,,,,,
93619360,64015,,,,,
1562093227,64015,,,,,
2569856559,64015,,,,,
255184064,64015,,,,,
160742963,64015,,,,,
2259229658,64015,,,,,
2847059290,64015,,,,,
1409861966,64015,,,,,
2618738027,64015,,,,,
60452453,64015,,,,,
62427859,64015,,,,,
1222784562,64015,,,,,
160752876,64015,,,,,
1076217985,64015,,,,,
548912865,64015,,,,,
24761830,64015,,,,,
70194826,64015,,,,,
2960014897,64015,,,,,
461002257,64015,,,,,
160874621,64015,,,,,
127382759,64015,,,,,
2935878231,64015,,,,,
608474726,64015,,,,,
2944262179,64015,,,,,
3048544857,64015,,,,,
129594482,64015,,,,,
228300826,64015,,,,,
528920783,64015,,,,,
1961234798,64015,,,,,
2425835000,64015,,,,,
294072389,64015,,,,,
2442887570,64015,,,,,
2785101885,64015,,,,,
1326263827,64015,,,,,
608345352,64015,,,,,
370243534,64015,,,,,
186478529,64015,,,,,
1011811424,64015,,,,,
1414684496,64015,,,,,
421095102,64015,,,,,
115110145,64015,,,,,
57976284,64015,,,,,
1369914391,64015,,,,,
312913788,64015,,,,,
46081197,64015,,,,,
2186596872,64015,,,,,
55823412,64015,,,,,
14303901,64015,,,,,
152350498,64015,,,,,
1680688580,64015,,,,,
322163041,64015,,,,,
368735686,64015,,,,,
717198402,64015,,,,,
1060998578,64015,,,,,
325074587,64015,,,,,
21248584,64015,,,,,
2772273504,64015,,,,,
517422170,64015,,,,,
2961340863,64015,,,,,
1058790439,64015,,,,,
1220001044,64015,,,,,
161284233,64015,,,,,
503606762,64015,,,,,
2305634114,64015,,,,,
1910034458,64015,,,,,
819222966,64015,,,,,
2391379874,64015,,,,,
2728485897,64015,,,,,
1408418168,64015,,,,,
1962551412,64015,,,,,
351630990,64015,,,,,
2907248140,64015,,,,,
23880967,64015,,,,,
494458165,64015,,,,,
733961780,64015,,,,,
2874146911,64015,,,,,
827991913,64015,,,,,
727392756,64015,,,,,
456726486,64015,,,,,
60364834,64015,,,,,
70381121,64015,,,,,
2946858502,64015,,,,,
1899882806,64015,,,,,
2783160078,64015,,,,,
1106780630,64015,,,,,
383762203,64015,,,,,
35478824,64015,,,,,
2706538204,64015,,,,,
2328599465,64015,,,,,
347606032,64015,,,,,
2448063798,64015,,,,,
168588803,64015,,,,,
717544904,64015,,,,,
2591769673,64015,,,,,
584661634,64015,,,,,
1119307429,64015,,,,,
2942444242,64015,,,,,
2817256488,64015,,,,,
582140844,64015,,,,,
626590873,64015,,,,,
21568650,64015,,,,,
1408327218,64015,,,,,
1372645603,64015,,,,,
1372563925,64015,,,,,
2827687640,64015,,,,,
52833129,64015,,,,,
2892639801,64015,,,,,
356840344,64015,,,,,
599745639,64015,,,,,
82640865,64015,,,,,
343197788,64015,,,,,
257276567,64015,,,,,
90804267,64015,,,,,
2927303935,64015,,,,,
2266602529,64015,,,,,
1727325560,64015,,,,,
3011078427,64015,,,,,
2194738604,64015,,,,,
2821958505,64015,,,,,
2982152524,64015,,,,,
3006168515,64015,,,,,
256499659,64015,,,,,
121493492,64015,,,,,
2544250500,64015,,,,,
174883933,64015,,,,,
2802273522,64015,,,,,
2194988149,64015,,,,,
2236699978,64015,,,,,
15690709,64015,,,,,
422717811,64015,,,,,
310299026,64015,,,,,
2553216440,64015,,,,,
2807719888,64015,,,,,
618294231,64015,,,,,
163821594,64015,,,,,
2236428912,64015,,,,,
2805808256,64015,,,,,
1566115014,64015,,,,,
2864110470,64015,,,,,
470310545,64015,,,,,
95521178,64015,,,,,
249960654,64015,,,,,
276835706,64015,,,,,
432016262,64015,,,,,
2855900486,64015,,,,,
120790169,64015,,,,,
2676544811,64015,,,,,
361365042,64015,,,,,
847225046,64015,,,,,
29583015,64015,,,,,
2208191086,64015,,,,,
2871060004,64015,,,,,
2938000123,64015,,,,,
2992373574,64015,,,,,
1647541309,64015,,,,,
1316862031,64015,,,,,
86938456,64015,,,,,
82184215,64015,,,,,
1342734360,64015,,,,,
49473911,64015,,,,,
267818256,64015,,,,,
482755379,64015,,,,,
740304824,64015,,,,,
142885691,64015,,,,,
597673831,64015,,,,,
74998364,64015,,,,,
1425504374,64015,,,,,
2904751410,64015,,,,,
419898105,64015,,,,,
2255582904,64015,,,,,
1619593404,64015,,,,,
2303619546,64015,,,,,
2861612277,64015,,,,,
147808967,64015,,,,,
2607703608,64015,,,,,
821188087,64015,,,,,
2337177396,64015,,,,,
714968684,64015,,,,,
2272249340,64015,,,,,
2261824213,64015,,,,,
168881288,64015,,,,,
467114828,64015,,,,,
144316303,64015,,,,,
158056426,64015,,,,,
181866650,64015,,,,,
2803997810,64015,,,,,
20462606,64015,,,,,
743576834,64015,,,,,
968451061,64015,,,,,
1140096968,64015,,,,,
2335126064,64015,,,,,
1975993742,64015,,,,,
2899534919,64015,,,,,
24217697,64015,,,,,
2958051777,64015,,,,,
196249823,64015,,,,,
1646222564,64015,,,,,
2548497690,64015,,,,,
476557046,64015,,,,,
1005496992,64015,,,,,
1697024208,64015,,,,,
2444581651,64015,,,,,
353204103,64015,,,,,
2324422680,64015,,,,,
1370453570,64015,,,,,
1668283537,64015,,,,,
62169540,64015,,,,,
215434317,64015,,,,,
404641547,64015,,,,,
3035345375,64015,,,,,
2448749401,64015,,,,,
3062942875,64015,,,,,
1336218432,64015,,,,,
636375230,64015,,,,,
70949821,64015,,,,,
339198494,64015,,,,,
64465376,64015,,,,,
2245203122,64015,,,,,
813196879,64015,,,,,
1493991877,64015,,,,,
267173357,64015,,,,,
616375946,64015,,,,,
1136032483,64015,,,,,
2458671007,64015,,,,,
1382748032,64015,,,,,
35033769,64015,,,,,
60048019,64015,,,,,
2706533743,64015,,,,,
1552436072,64015,,,,,
156745662,64015,,,,,
2392423471,64015,,,,,
2501185880,64015,,,,,
312199572,64015,,,,,
2571281486,64015,,,,,
2820409627,64015,,,,,
388032942,64015,,,,,
3051822049,64015,,,,,
66179557,64015,,,,,
142040643,64015,,,,,
93770215,64015,,,,,
1270352160,64015,,,,,
34560639,64015,,,,,
259072573,64015,,,,,
185776960,64015,,,,,
433279840,64015,,,,,
1279517976,64015,,,,,
408934891,64015,,,,,
2706829250,64015,,,,,
29902828,64015,,,,,
1000473788,64015,,,,,
47705062,64015,,,,,
2956637657,64015,,,,,
1219455846,64015,,,,,
2308521792,64015,,,,,
254333246,64015,,,,,
1632903408,64015,,,,,
2798308393,64015,,,,,
115796069,64015,,,,,
81913437,64015,,,,,
96263748,64015,,,,,
1436832752,64015,,,,,
26828406,64015,,,,,
1668823286,64015,,,,,
175831596,64015,,,,,
431138015,64015,,,,,
320884439,64015,,,,,
366943003,64015,,,,,
117087700,64015,,,,,
1142258671,64015,,,,,
1701552504,64015,,,,,
1302796046,64015,,,,,
174587664,64015,,,,,
520616333,64015,,,,,
514414879,64015,,,,,
2764850480,64015,,,,,
67035111,64015,,,,,
151755237,64015,,,,,
2266427762,64015,,,,,
44252886,64015,,,,,
246069206,64015,,,,,
1466312012,64015,,,,,
1953537967,64015,,,,,
149585330,64015,,,,,
367425591,64015,,,,,
2905024200,64015,,,,,
2372909005,64015,,,,,
86746614,64015,,,,,
555517603,64015,,,,,
1499555250,64015,,,,,
2586128023,64015,,,,,
2193055752,64015,,,,,
188624379,64015,,,,,
1147373912,64015,,,,,
380386445,64015,,,,,
62413708,64015,,,,,
1331261144,64015,,,,,
2417134374,64015,,,,,
1081765278,64015,,,,,
365249229,64015,,,,,
2795711073,64015,,,,,
48875310,64015,,,,,
66422081,64015,,,,,
720526182,64015,,,,,
232681628,64015,,,,,
840299725,64015,,,,,
603756157,64015,,,,,
1020050376,64015,,,,,
2290338798,64015,,,,,
15695168,64015,,,,,
1067065668,64015,,,,,
2950862217,64015,,,,,
60115647,64015,,,,,
58101529,64015,,,,,
432615284,64015,,,,,
348128151,64015,,,,,
55761838,64015,,,,,
2180401488,64015,,,,,
2333986655,64015,,,,,
2768412574,64015,,,,,
115297136,64015,,,,,
603122360,64015,,,,,
2178789481,64015,,,,,
1065869268,64015,,,,,
2259044220,64015,,,,,
2517890598,64015,,,,,
228886592,64015,,,,,
2604490724,64015,,,,,
2890918806,64015,,,,,
2408676850,64015,,,,,
2546050839,64015,,,,,
103092003,64015,,,,,
221399475,64015,,,,,
189233743,64015,,,,,
1157303605,64015,,,,,
63251769,64015,,,,,
1370442307,64015,,,,,
270455480,64015,,,,,
385166723,64015,,,,,
2831071291,64015,,,,,
128570592,64015,,,,,
218835440,64015,,,,,
2365644218,64015,,,,,
2382311180,64015,,,,,
431763008,64015,,,,,
110144989,64015,,,,,
838539667,64015,,,,,
114927963,64015,,,,,
22189163,64015,,,,,
2798254742,64015,,,,,
2921382343,64015,,,,,
264195083,64015,,,,,
127923382,64015,,,,,
345259269,64015,,,,,
2904664975,64015,,,,,
2969935061,64015,,,,,
201551724,64015,,,,,
811683181,64015,,,,,
79171601,64015,,,,,
1415034632,64015,,,,,
2311548336,64015,,,,,
1360532952,64015,,,,,
2582544332,64015,,,,,
3193289931,64015,,,,,
76950405,64015,,,,,
2369256398,64015,,,,,
1583579113,64015,,,,,
1274029441,64015,,,,,
1051201818,64015,,,,,
341429354,64015,,,,,
1573679119,64015,,,,,
1304602711,64015,,,,,
956306023,64015,,,,,
1266909829,64015,,,,,
1466219694,64015,,,,,
81237494,64015,,,,,
2704455000,64015,,,,,
239928914,64015,,,,,
2946619269,64015,,,,,
2391870396,64015,,,,,
240889255,64015,,,,,
2711310866,64015,,,,,
573102314,64015,,,,,
30870576,64015,,,,,
2275430383,64015,,,,,
2592795360,64015,,,,,
969269875,64015,,,,,
2432208242,64015,,,,,
161170730,64015,,,,,
1253069372,64015,,,,,
1536202872,64015,,,,,
161325439,64015,,,,,
2248418265,64015,,,,,
759552386,64015,,,,,
20221325,64015,,,,,
507855677,64015,,,,,
54752569,64015,,,,,
2924703679,64015,,,,,
930552433,64015,,,,,
113408527,64015,,,,,
2832840448,64015,,,,,
280598073,64015,,,,,
430257842,64015,,,,,
2928962437,64015,,,,,
50729679,64015,,,,,
373056326,64015,,,,,
275457572,64015,,,,,
310513836,64015,,,,,
283751510,64015,,,,,
46721949,64015,,,,,
2828396329,64015,,,,,
430360032,64015,,,,,
1392804511,64015,,,,,
2374392708,64015,,,,,
2275176937,64015,,,,,
29831712,64015,,,,,
56117318,64015,,,,,
149667567,64015,,,,,
496189177,64015,,,,,
253120200,64015,,,,,
2995308429,64015,,,,,
620148494,64015,,,,,
38487349,64015,,,,,
980730302,64015,,,,,
235790639,64015,,,,,
519678499,64015,,,,,
91620105,64015,,,,,
129320291,64015,,,,,
1089661058,64015,,,,,
14856664,64015,,,,,
1031687654,64015,,,,,
974001031,64015,,,,,
1361634884,64015,,,,,
1912576375,64015,,,,,
613684564,64015,,,,,
1640923357,64015,,,,,
166456528,64015,,,,,
1885105814,64015,,,,,
37203620,64015,,,,,
32922662,64015,,,,,
605493438,64015,,,,,
2337033630,64015,,,,,
338148106,64015,,,,,
2419369489,64015,,,,,
2718666768,64015,,,,,
624917710,64015,,,,,
244167380,64015,,,,,
332626927,64015,,,,,
1860798708,64015,,,,,
436486272,64015,,,,,
489744845,64015,,,,,
109456012,64015,,,,,
75007709,64015,,,,,
2985473601,64015,,,,,
1919734446,64015,,,,,
2803544028,64015,,,,,
130704628,64015,,,,,
374386351,64015,,,,,
313739329,64015,,,,,
2368219945,64015,,,,,
155910701,64015,,,,,
43603566,64015,,,,,
723663416,64015,,,,,
313093173,64015,,,,,
58043106,64015,,,,,
524087425,64015,,,,,
147028559,64015,,,,,
261170677,64015,,,,,
2968148254,64015,,,,,
1511327138,64015,,,,,
827115104,64015,,,,,
312486033,64015,,,,,
3004219491,64015,,,,,
94642884,64015,,,,,
313619244,64015,,,,,
3075031909,64015,,,,,
30894960,64015,,,,,
2373987727,64015,,,,,
1833919200,64015,,,,,
2696830238,64015,,,,,
35320141,64015,,,,,
210769251,64015,,,,,
26179647,64015,,,,,
2765062062,64015,,,,,
28879034,64015,,,,,
1950980395,64015,,,,,
80883533,64015,,,,,
1014379171,64015,,,,,
214204613,64015,,,,,
174377381,64015,,,,,
468716410,64015,,,,,
19360812,64015,,,,,
3029079845,64015,,,,,
2285152153,64015,,,,,
466120564,64015,,,,,
2492049626,64015,,,,,
505322398,64015,,,,,
2342812272,64015,,,,,
220424614,64015,,,,,
263474444,64015,,,,,
2567352996,64015,,,,,
412802964,64015,,,,,
2764741475,64015,,,,,
1597521211,64015,,,,,
2774684616,64015,,,,,
22636267,64015,,,,,
16859893,64015,,,,,
2598680052,64015,,,,,
3073225894,64015,,,,,
68231493,64015,,,,,
55339294,64015,,,,,
600269555,64015,,,,,
2428105832,64015,,,,,
2211572431,64015,,,,,
261379166,64015,,,,,
271151475,64015,,,,,
2350010108,64015,,,,,
2537890130,64015,,,,,
2847776036,64015,,,,,
614483458,64015,,,,,
2953302671,64015,,,,,
1832736740,64015,,,,,
1575920516,64015,,,,,
54670812,64015,,,,,
767813342,64015,,,,,
2724306536,64015,,,,,
3078423580,64015,,,,,
19901033,64015,,,,,
399862957,64015,,,,,
2815413319,64015,,,,,
427259270,64015,,,,,
475685684,64015,,,,,
1068881538,64015,,,,,
1123091840,64015,,,,,
191649388,64015,,,,,
172138272,64015,,,,,
64217534,64015,,,,,
994169114,64015,,,,,
569410380,64015,,,,,
21026095,64015,,,,,
72787519,64015,,,,,
2853410675,64015,,,,,
590447742,64015,,,,,
18928662,64015,,,,,
30668975,64015,,,,,
584826171,64015,,,,,
2320425206,64015,,,,,
349041320,64015,,,,,
2753743832,64015,,,,,
291506241,64015,,,,,
2990361932,64015,,,,,
1252144891,64015,,,,,
7829912,64015,,,,,
1122135680,64015,,,,,
32218646,64015,,,,,
42098117,64015,,,,,
2749884625,64015,,,,,
17648231,64015,,,,,
1233717450,64015,,,,,
1198846914,64015,,,,,
471342135,64015,,,,,
2389509259,64015,,,,,
2817316830,64015,,,,,
1966910473,64015,,,,,
242320491,64015,,,,,
174709317,64015,,,,,
1458887244,64015,,,,,
87308788,64015,,,,,
342820533,64015,,,,,
1583927028,64015,,,,,
610063759,64015,,,,,
111212430,64015,,,,,
172815511,64015,,,,,
1270388053,64015,,,,,
128004921,64015,,,,,
979295208,64015,,,,,
2616611706,64015,,,,,
2343372140,64015,,,,,
236265221,64015,,,,,
36681882,64015,,,,,
149969630,64015,,,,,
167187745,64015,,,,,
601200229,64015,,,,,
334984455,64015,,,,,
118736440,64015,,,,,
2346149261,64015,,,,,
865140836,64015,,,,,
983536813,64015,,,,,
38813183,64015,,,,,
237503076,64015,,,,,
2654255144,64015,,,,,
2685926647,64015,,,,,
293698185,64015,,,,,
9283602,64015,,,,,
2789201362,64015,,,,,
522597443,64015,,,,,
773703073,64015,,,,,
1203318198,64015,,,,,
35073721,64015,,,,,
2877158080,64015,,,,,
402724588,64015,,,,,
1883612743,64015,,,,,
250972754,64015,,,,,
1420047229,64015,,,,,
472405624,64015,,,,,
2388304070,64015,,,,,
2803981046,64015,,,,,
182738206,64015,,,,,
301070162,64015,,,,,
242992653,64015,,,,,
2633176944,64015,,,,,
1481439822,64015,,,,,
501480429,64015,,,,,
494509345,64015,,,,,
58520652,64015,,,,,
227998152,64015,,,,,
490129729,64015,,,,,
1845737197,64015,,,,,
2245386155,64015,,,,,
545760514,64015,,,,,
3094589173,64015,,,,,
30109799,64015,,,,,
237423994,64015,,,,,
102472818,64015,,,,,
30281506,64015,,,,,
2805372158,64015,,,,,
16882326,64015,,,,,
2359783068,64015,,,,,
74338109,64015,,,,,
177410033,64015,,,,,
1407011239,64015,,,,,
1717430443,64015,,,,,
46745375,64015,,,,,
2804995371,64015,,,,,
47748463,64015,,,,,
75230118,64015,,,,,
2659580316,64015,,,,,
274329154,64015,,,,,
241745677,64015,,,,,
62081467,64015,,,,,
115306226,64015,,,,,
236739612,64015,,,,,
2741904379,64015,,,,,
2316576047,64015,,,,,
192061158,64015,,,,,
2392935416,64015,,,,,
38611221,64015,,,,,
62050708,64015,,,,,
166131576,64015,,,,,
154577243,64015,,,,,
905094642,64015,,,,,
66648758,64015,,,,,
53373674,64015,,,,,
183323180,64015,,,,,
276611251,64015,,,,,
3148728349,64015,,,,,
123790755,64015,,,,,
195193753,64015,,,,,
2599070112,64015,,,,,
37185132,64015,,,,,
1488083676,64015,,,,,
188484473,64015,,,,,
2557016310,64015,,,,,
2208264540,64015,,,,,
417473417,64015,,,,,
2961297783,64015,,,,,
182739066,64015,,,,,
537772824,64015,,,,,
1376862679,64015,,,,,
155700683,64015,,,,,
2417135688,64015,,,,,
2986181429,64015,,,,,
312952657,64015,,,,,
182738669,64015,,,,,
3057764076,64015,,,,,
3063316893,64015,,,,,
22690145,64015,,,,,
94664460,64015,,,,,
2391457236,64015,,,,,
2891325695,64015,,,,,
8094992,64015,,,,,
27610463,64015,,,,,
556126496,64015,,,,,
555707482,64015,,,,,
1573092703,64015,,,,,
891084194,64015,,,,,
1228199240,64015,,,,,
435704007,64015,,,,,
796884372,64015,,,,,
3173071371,64015,,,,,
417685562,64015,,,,,
69221592,64015,,,,,
2419101480,64015,,,,,
1014408337,64015,,,,,
368758979,64015,,,,,
2360558918,64015,,,,,
2921060388,64015,,,,,
360500630,64015,,,,,
1350382801,64015,,,,,
231113186,64015,,,,,
300027487,64015,,,,,
711087593,64015,,,,,
436852976,64015,,,,,
2535783169,64015,,,,,
225581983,64015,,,,,
1408601628,64015,,,,,
397881018,64015,,,,,
563048860,64015,,,,,
239492180,64015,,,,,
63170607,64015,,,,,
1726096357,64015,,,,,
281177385,64015,,,,,
1603196286,64015,,,,,
2914609638,64015,,,,,
249405759,64015,,,,,
561654065,64015,,,,,
1894696536,64015,,,,,
754009368,64015,,,,,
64490007,64015,,,,,
35268311,64015,,,,,
24937265,64015,,,,,
103424651,64015,,,,,
37400954,64015,,,,,
1162409414,64015,,,,,
1104182144,64015,,,,,
2767659680,64015,,,,,
477146172,64015,,,,,
61043461,64015,,,,,
217422925,64015,,,,,
347372806,64015,,,,,
108576672,64015,,,,,
1963339982,64015,,,,,
164400857,64015,,,,,
2758691533,64015,,,,,
139549219,64015,,,,,
1655791573,64015,,,,,
21730626,64015,,,,,
550586492,64015,,,,,
2533022562,64015,,,,,
102644465,64015,,,,,
2505061642,64015,,,,,
253410333,64015,,,,,
2274711717,64015,,,,,
570496454,64015,,,,,
55521775,64015,,,,,
2545490347,64015,,,,,
33315561,64015,,,,,
2413106406,64015,,,,,
457749641,64015,,,,,
2957447451,64015,,,,,
565131702,64015,,,,,
3071101275,64015,,,,,
2873847125,64015,,,,,
773864862,64015,,,,,
2910150837,64015,,,,,
35287196,64015,,,,,
1239860742,64015,,,,,
28835891,64015,,,,,
1529349482,64015,,,,,
2798217846,64015,,,,,
179399275,64015,,,,,
1968902431,64015,,,,,
2407569583,64015,,,,,
39049856,64015,,,,,
325789846,64015,,,,,
616124549,64015,,,,,
387080946,64015,,,,,
176945194,64015,,,,,
297235907,64015,,,,,
150439192,64015,,,,,
2454098067,64015,,,,,
143566118,64015,,,,,
334706031,64015,,,,,
868338242,64015,,,,,
2736648655,64015,,,,,
2287293723,64015,,,,,
2497000586,64015,,,,,
13857342,64015,,,,,
362523555,64015,,,,,
627682721,64015,,,,,
1401236340,64015,,,,,
2307342901,64015,,,,,
445193336,64015,,,,,
73672052,64015,,,,,
2300512633,64015,,,,,
2415668200,64015,,,,,
40044280,64015,,,,,
568709751,64015,,,,,
928865059,64015,,,,,
302762516,64015,,,,,
788740070,64015,,,,,
1519333237,64015,,,,,
291776288,64015,,,,,
245108283,64015,,,,,
1597510116,64015,,,,,
73549457,64015,,,,,
1357171662,64015,,,,,
2504882711,64015,,,,,
2904164795,64015,,,,,
2945962891,64015,,,,,
417611966,64015,,,,,
611415868,64015,,,,,
410496638,64015,,,,,
567826440,64015,,,,,
328762103,64015,,,,,
406727622,64015,,,,,
1028804886,64015,,,,,
74794254,64015,,,,,
224672103,64015,,,,,
333475615,64015,,,,,
235373722,64015,,,,,
1860262441,64015,,,,,
496375106,64015,,,,,
1079866146,64015,,,,,
527327690,64015,,,,,
40843754,64015,,,,,
215292728,64015,,,,,
1291001132,64015,,,,,
2507714785,64015,,,,,
2894193122,64015,,,,,
317927128,64015,,,,,
458559948,64015,,,,,
1125944852,64015,,,,,
1554759631,64015,,,,,
2890092445,64015,,,,,
223566407,64015,,,,,
340400173,64015,,,,,
313488323,64015,,,,,
571893439,64015,,,,,
441157727,64015,,,,,
2260505731,64015,,,,,
2233384202,64015,,,,,
2307304944,64015,,,,,
2553139932,64015,,,,,
161058670,64015,,,,,
898890728,64015,,,,,
1720141176,64015,,,,,
163190638,64015,,,,,
264560818,64015,,,,,
330090898,64015,,,,,
1410887059,64015,,,,,
185947193,64015,,,,,
621548565,64015,,,,,
110937131,64015,,,,,
833877799,64015,,,,,
67335721,64015,,,,,
23636341,64015,,,,,
25653324,64015,,,,,
1018308709,64015,,,,,
28890490,64015,,,,,
100391395,64015,,,,,
2267165156,64015,,,,,
28104195,64015,,,,,
7349062,64015,,,,,
298602588,64015,,,,,
2314156260,64015,,,,,
3022832918,64015,,,,,
2474566010,64015,,,,,
1406068134,64015,,,,,
47905594,64015,,,,,
103018581,64015,,,,,
2359456069,64015,,,,,
2800870597,64015,,,,,
94432907,64015,,,,,
2593715258,64015,,,,,
2271617959,64015,,,,,
2952938890,64015,,,,,
3025418555,64015,,,,,
2853946327,64015,,,,,
3041090637,64015,,,,,
2967783231,64015,,,,,
183709692,64015,,,,,
323777372,64015,,,,,
2479071139,64015,,,,,
2668511677,64015,,,,,
102194513,64015,,,,,
634268080,64015,,,,,
1443033678,64015,,,,,
331960115,64015,,,,,
314340657,64015,,,,,
2432058520,64015,,,,,
2150122297,64015,,,,,
445004400,64015,,,,,
521781869,64015,,,,,
300148963,64015,,,,,
1033526005,64015,,,,,
2994891849,64015,,,,,
1674943506,64015,,,,,
1345195777,64015,,,,,
473591884,64015,,,,,
426326126,64015,,,,,
132854767,64015,,,,,
257725802,64015,,,,,
304627207,64015,,,,,
848377190,64015,,,,,
2910266486,64015,,,,,
1374729452,64015,,,,,
51852336,64015,,,,,
594914227,64015,,,,,
2409372272,64015,,,,,
2974409355,64015,,,,,
115607690,64015,,,,,
274682437,64015,,,,,
376413695,64015,,,,,
416913832,64015,,,,,
197547286,64015,,,,,
491626233,64015,,,,,
2209479139,64015,,,,,
1288457737,64015,,,,,
17719978,64015,,,,,
135353774,64015,,,,,
735314581,64015,,,,,
2747110946,64015,,,,,
709283976,64015,,,,,
635923278,64015,,,,,
2843895727,64015,,,,,
2524372416,64015,,,,,
18205705,64015,,,,,
261463861,64015,,,,,
2881585061,64015,,,,,
2218894706,64015,,,,,
2712673662,64015,,,,,
461762277,64015,,,,,
235577338,64015,,,,,
3135250301,64015,,,,,
729018318,64015,,,,,
147786147,64015,,,,,
26835521,64015,,,,,
2287716359,64015,,,,,
140483531,64015,,,,,
70918169,64015,,,,,
481073199,64015,,,,,
2821656586,64015,,,,,
14525315,64015,,,,,
22502285,64015,,,,,
136896280,64015,,,,,
203423583,64015,,,,,
524080302,64015,,,,,
2855134095,64015,,,,,
543737845,64015,,,,,
576167905,64015,,,,,
2835969618,64015,,,,,
702658526,64015,,,,,
1634951388,64015,,,,,
487187138,64015,,,,,
2786126882,64015,,,,,
415920039,64015,,,,,
952971193,64015,,,,,
198123914,64015,,,,,
2165684959,64015,,,,,
602601158,64015,,,,,
33988605,64015,,,,,
740749326,64015,,,,,
2377585609,64015,,,,,
307741653,64015,,,,,
35137797,64015,,,,,
72478719,64015,,,,,
400481570,64015,,,,,
46531853,64015,,,,,
316054117,64015,,,,,
40449158,64015,,,,,
1966665852,64015,,,,,
2386378975,64015,,,,,
2578347877,64015,,,,,
70237397,64015,,,,,
3111377021,64015,,,,,
721318444,64015,,,,,
764468564,64015,,,,,
1545874099,64015,,,,,
1904923194,64015,,,,,
2834378643,64015,,,,,
479247127,64015,,,,,
1317438756,64015,,,,,
96915522,64015,,,,,
2472697062,64015,,,,,
141744442,64015,,,,,
3048129384,64015,,,,,
314895174,64015,,,,,
941161340,64015,,,,,
1481125982,64015,,,,,
155437977,64015,,,,,
234875290,64015,,,,,
628608008,64015,,,,,
23957179,64015,,,,,
104872280,64015,,,,,
81260589,64015,,,,,
295725849,64015,,,,,
2842564816,64015,,,,,
3002343065,64015,,,,,
1601135264,64015,,,,,
2872582168,64015,,,,,
409027014,64015,,,,,
29548996,64015,,,,,
245748515,64015,,,,,
1362701414,64015,,,,,
98424110,64015,,,,,
2238437354,64015,,,,,
248135355,64015,,,,,
2270266220,64015,,,,,
2973342225,64015,,,,,
36190715,64015,,,,,
282997669,64015,,,,,
39049373,64015,,,,,
291518867,64015,,,,,
63964871,64015,,,,,
2788273482,64015,,,,,
338031731,64015,,,,,
2796951613,64015,,,,,
3207927989,64015,,,,,
64491388,64015,,,,,
55101795,64015,,,,,
813481927,64015,,,,,
461581109,64015,,,,,
1576464800,64015,,,,,
2181619309,64015,,,,,
3022099694,64015,,,,,
20333324,64015,,,,,
1623709555,64015,,,,,
203348678,64015,,,,,
1267708332,64015,,,,,
2651594743,64015,,,,,
268666754,64015,,,,,
2555876472,64015,,,,,
371376582,64015,,,,,
1023888896,64015,,,,,
2319906134,64015,,,,,
47534393,64015,,,,,
70808932,64015,,,,,
1363348459,64015,,,,,
2600870544,64015,,,,,
275853244,64015,,,,,
17494989,64015,,,,,
339251466,64015,,,,,
2331625888,64015,,,,,
360142792,64015,,,,,
269200310,64015,,,,,
9871252,64015,,,,,
2710145250,64015,,,,,
199198124,64015,,,,,
568167318,64015,,,,,
152766660,64015,,,,,
24458577,64015,,,,,
186899860,64015,,,,,
53186332,64015,,,,,
296888366,64015,,,,,
834175488,64015,,,,,
1278017335,64015,,,,,
2684865902,64015,,,,,
2817451288,64015,,,,,
2362447028,64015,,,,,
115914257,64015,,,,,
571749506,64015,,,,,
252422812,64015,,,,,
28347470,64015,,,,,
316528093,64015,,,,,
30069896,64015,,,,,
2276895834,64015,,,,,
2312818214,64015,,,,,
3095695629,64015,,,,,
304734115,64015,,,,,
2716993774,64015,,,,,
32277910,64015,,,,,
1557771882,64015,,,,,
1009247119,64015,,,,,
977215477,64015,,,,,
265501634,64015,,,,,
585391355,64015,,,,,
2358596359,64015,,,,,
2788220919,64015,,,,,
349128836,64015,,,,,
2445135675,64015,,,,,
272771172,64015,,,,,
343183795,64015,,,,,
1770747998,64015,,,,,
2223691094,64015,,,,,
116242953,64015,,,,,
1633493004,64015,,,,,
273751728,64015,,,,,
1964652271,64015,,,,,
2949772354,64015,,,,,
571801620,64015,,,,,
2441991337,64015,,,,,
342930174,64015,,,,,
2368661814,64015,,,,,
2421408218,64015,,,,,
637058503,64015,,,,,
181258025,64015,,,,,
293187215,64015,,,,,
609081798,64015,,,,,
58199261,64015,,,,,
17774275,64015,,,,,
34433717,64015,,,,,
2592208578,64015,,,,,
330502219,64015,,,,,
2185287686,64015,,,,,
2444385740,64015,,,,,
1474139797,64015,,,,,
75434226,64015,,,,,
2721036961,64015,,,,,
116071172,64015,,,,,
2548818158,64015,,,,,
496905664,64015,,,,,
3019837997,64015,,,,,
17675384,64015,,,,,
333327507,64015,,,,,
2690479897,64015,,,,,
2997774260,64015,,,,,
314694800,64015,,,,,
1898069832,64015,,,,,
2369030689,64015,,,,,
2646557629,64015,,,,,
215293184,64015,,,,,
2471786917,64015,,,,,
1968914257,64015,,,,,
2849169126,64015,,,,,
220841072,64015,,,,,
474486221,64015,,,,,
332333852,64015,,,,,
68553586,64015,,,,,
3010927683,64015,,,,,
724508209,64015,,,,,
152318142,64015,,,,,
2463813643,64015,,,,,
344099488,64015,,,,,
970682029,64015,,,,,
146358874,64015,,,,,
213996238,64015,,,,,
1116238555,64015,,,,,
2589874623,64015,,,,,
20276783,64015,,,,,
1952394228,64015,,,,,
2749390125,64015,,,,,
450876225,64015,,,,,
250710605,64015,,,,,
345155175,64015,,,,,
840327212,64015,,,,,
2576549212,64015,,,,,
173500478,64015,,,,,
336283505,64015,,,,,
425083330,64015,,,,,
1944169639,64015,,,,,
324101429,64015,,,,,
83732151,64015,,,,,
2303838683,64015,,,,,
554510118,64015,,,,,
27408023,64015,,,,,
581763689,64015,,,,,
229635251,64015,,,,,
334949677,64015,,,,,
250349642,64015,,,,,
267239746,64015,,,,,
325862777,64015,,,,,
124590168,64015,,,,,
2512673111,64015,,,,,
585025181,64015,,,,,
26778523,64015,,,,,
35531106,64015,,,,,
83044358,64015,,,,,
232327366,64015,,,,,
61220731,64015,,,,,
22223749,64015,,,,,
2422477598,64015,,,,,
100272410,64015,,,,,
2474619446,64015,,,,,
220534462,64015,,,,,
39630126,64015,,,,,
33248446,64015,,,,,
326648676,64015,,,,,
104137206,64015,,,,,
263900975,64015,,,,,
2948614553,64015,,,,,
308299664,64015,,,,,
391060433,64015,,,,,
48609714,64015,,,,,
58637506,64015,,,,,
1226254214,64015,,,,,
2553277080,64015,,,,,
10440,64015,,,,,
31003303,64015,,,,,
234803478,64015,,,,,
1684625450,64015,,,,,
373738859,64015,,,,,
2835427374,64015,,,,,
516022142,64015,,,,,
2564592331,64015,,,,,
330489350,64015,,,,,
2370950064,64015,,,,,
263913649,64015,,,,,
6806292,64015,,,,,
100997595,64015,,,,,
184560605,64015,,,,,
2425799190,64015,,,,,
1347534498,64015,,,,,
629197991,64015,,,,,
773077886,64015,,,,,
2451194832,64015,,,,,
322797386,64015,,,,,
30588729,64015,,,,,
34098692,64015,,,,,
175221758,64015,,,,,
48287209,64015,,,,,
26936329,64015,,,,,
45963302,64015,,,,,
100251454,64015,,,,,
150988013,64015,,,,,
440328473,64015,,,,,
1628776813,64015,,,,,
2916752684,64015,,,,,
392559659,64015,,,,,
2900027163,64015,,,,,
383010151,64015,,,,,
2796687943,64015,,,,,
635977828,64015,,,,,
1157683158,64015,,,,,
2538610445,64015,,,,,
336975755,64015,,,,,
246658597,64015,,,,,
1405720710,64015,,,,,
2219945419,64015,,,,,
1097348222,64015,,,,,
2755332800,64015,,,,,
74015483,64015,,,,,
1870168099,64015,,,,,
210195009,64015,,,,,
261121712,64015,,,,,
278032408,64015,,,,,
2803300386,64015,,,,,
258574931,64015,,,,,
424036404,64015,,,,,
16724467,64015,,,,,
229940852,64015,,,,,
531299895,64015,,,,,
2844173937,64015,,,,,
145327733,64015,,,,,
122723410,64015,,,,,
183948528,64015,,,,,
468961328,64015,,,,,
450375574,64015,,,,,
1302109452,64015,,,,,
1361619691,64015,,,,,
343616205,64015,,,,,
2320821132,64015,,,,,
512948733,64015,,,,,
1630831286,64015,,,,,
632964893,64015,,,,,
117649981,64015,,,,,
2347398144,64015,,,,,
65581806,64015,,,,,
18400972,64015,,,,,
603332749,64015,,,,,
342886089,64015,,,,,
3662331,64015,,,,,
603108613,64015,,,,,
1890536647,64015,,,,,
1425225900,64015,,,,,
1192213878,64015,,,,,
3194269818,64015,,,,,
95372099,64015,,,,,
2279670090,64015,,,,,
2349407257,64015,,,,,
2531923205,64015,,,,,
2551022118,64015,,,,,
2979963675,64015,,,,,
1342780730,64015,,,,,
111850139,64015,,,,,
132687861,64015,,,,,
2755739876,64015,,,,,
602323349,64015,,,,,
258065725,64015,,,,,
3040648189,64015,,,,,
131257940,64015,,,,,
1091216816,64015,,,,,
269328550,64015,,,,,
217256988,64015,,,,,
2234309024,64015,,,,,
1642473805,64015,,,,,
128913239,64015,,,,,
350282535,64015,,,,,
415694459,64015,,,,,
620426717,64015,,,,,
39927968,64015,,,,,
196377526,64015,,,,,
2244019982,64015,,,,,
2935150070,64015,,,,,
636362165,64015,,,,,
2550725221,64015,,,,,
311706146,64015,,,,,
199481637,64015,,,,,
157533334,64015,,,,,
309530347,64015,,,,,
627227993,64015,,,,,
1058821212,64015,,,,,
518539966,64015,,,,,
116940550,64015,,,,,
1877789364,64015,,,,,
2178671859,64015,,,,,
633422624,64015,,,,,
2316472118,64015,,,,,
244563562,64015,,,,,
312198607,64015,,,,,
205902154,64015,,,,,
2924008402,64015,,,,,
255540423,64015,,,,,
581334324,64015,,,,,
2147525082,64015,,,,,
235834456,64015,,,,,
2199323310,64015,,,,,
68293330,64015,,,,,
1095780932,64015,,,,,
238041621,64015,,,,,
532748055,64015,,,,,
576869319,64015,,,,,
1219415431,64015,,,,,
2307284612,64015,,,,,
2873788152,64015,,,,,
240918431,64015,,,,,
619781206,64015,,,,,
1616117479,64015,,,,,
3096743660,64015,,,,,
16270679,64015,,,,,
1584893005,64015,,,,,
2349494486,64015,,,,,
19091932,64015,,,,,
591017465,64015,,,,,
40345083,64015,,,,,
1596488004,64015,,,,,
2593467564,64015,,,,,
15981337,64015,,,,,
993520008,64015,,,,,
2532724132,64015,,,,,
518311258,64015,,,,,
37312007,64015,,,,,
378276362,64015,,,,,
2235440789,64015,,,,,
2873582311,64015,,,,,
542792728,64015,,,,,
112169930,64015,,,,,
261128093,64015,,,,,
1546465909,64015,,,,,
595099186,64015,,,,,
2933721130,64015,,,,,
540709083,64015,,,,,
279818298,64015,,,,,
633559847,64015,,,,,
96256810,64015,,,,,
310035155,64015,,,,,
263922624,64015,,,,,
2849818363,64015,,,,,
129543054,64015,,,,,
246980110,64015,,,,,
343062486,64015,,,,,
1309756224,64015,,,,,
34731589,64015,,,,,
242171358,64015,,,,,
61043172,64015,,,,,
1889179298,64015,,,,,
2962964145,64015,,,,,
611662412,64015,,,,,
997965301,64015,,,,,
279369166,64015,,,,,
1373517728,64015,,,,,
3020828386,64015,,,,,
375451966,64015,,,,,
319150371,64015,,,,,
3102223676,64015,,,,,
23689771,64015,,,,,
216834200,64015,,,,,
723426331,64015,,,,,
1423683108,64015,,,,,
920107950,64015,,,,,
3051181925,64015,,,,,
394333858,64015,,,,,
2180751991,64015,,,,,
2872649491,64015,,,,,
2841519485,64015,,,,,
3151862127,64015,,,,,
36951856,64015,,,,,
1244776862,64015,,,,,
2581015639,64015,,,,,
822103344,64015,,,,,
2580566829,64015,,,,,
1689869274,64015,,,,,
151758332,64015,,,,,
1427732617,64015,,,,,
2151580860,64015,,,,,
254274052,64015,,,,,
167137988,64015,,,,,
2661702959,64015,,,,,
383445309,64015,,,,,
391100661,64015,,,,,
35054208,64015,,,,,
760883833,64015,,,,,
916198207,64015,,,,,
3014401145,64015,,,,,
303502997,64015,,,,,
2708156280,64015,,,,,
2918241822,64015,,,,,
162112772,64015,,,,,
726411247,64015,,,,,
1478418103,64015,,,,,
22869133,64015,,,,,
602842139,64015,,,,,
1541966694,64015,,,,,
2874036564,64015,,,,,
1030656949,64015,,,,,
26410697,64015,,,,,
64544190,64015,,,,,
355409703,64015,,,,,
1169089620,64015,,,,,
2348856350,64015,,,,,
269354944,64015,,,,,
361118382,64015,,,,,
1355174958,64015,,,,,
839539500,64015,,,,,
19826938,64015,,,,,
42911831,64015,,,,,
836175163,64015,,,,,
2882707417,64015,,,,,
878218135,64015,,,,,
217364373,64015,,,,,
65113830,64015,,,,,
635960950,64015,,,,,
2242993111,64015,,,,,
335303305,64015,,,,,
1714746271,64015,,,,,
384486160,64015,,,,,
501736976,64015,,,,,
1455493188,64015,,,,,
227217648,64015,,,,,
261105973,64015,,,,,
337839306,64015,,,,,
2469762050,64015,,,,,
20920695,64015,,,,,
74268158,64015,,,,,
157304422,64015,,,,,
1496207210,64015,,,,,
59380332,64015,,,,,
121497721,64015,,,,,
1382269705,64015,,,,,
1905246216,64015,,,,,
2307522528,64015,,,,,
904016269,64015,,,,,
1081475078,64015,,,,,
201007375,64015,,,,,
2224226376,64015,,,,,
2362509528,64015,,,,,
71128611,64015,,,,,
413461271,64015,,,,,
2183453808,64015,,,,,
257514935,64015,,,,,
431171274,64015,,,,,
2562523403,64015,,,,,
2356568245,64015,,,,,
298668706,64015,,,,,
40576859,64015,,,,,
368094526,64015,,,,,
2837158336,64015,,,,,
154678440,64015,,,,,
2786603712,64015,,,,,
386520098,64015,,,,,
118831950,64015,,,,,
401561316,64015,,,,,
627572608,64015,,,,,
2335819488,64015,,,,,
93472725,64015,,,,,
1171915172,64015,,,,,
3214528745,64015,,,,,
39049097,64015,,,,,
83637890,64015,,,,,
19691179,64015,,,,,
45793498,64015,,,,,
221797505,64015,,,,,
1542983011,64015,,,,,
193557349,64015,,,,,
711291181,64015,,,,,
430234661,64015,,,,,
454037701,64015,,,,,
21692650,64015,,,,,
1199546460,64015,,,,,
1586085624,64015,,,,,
37530246,64015,,,,,
613930077,64015,,,,,
2511324299,64015,,,,,
139342722,64015,,,,,
743739060,64015,,,,,
2887998886,64015,,,,,
1126676768,64015,,,,,
271296869,64015,,,,,
306211223,64015,,,,,
526002942,64015,,,,,
1152986696,64015,,,,,
2348574698,64015,,,,,
46305981,64015,,,,,
622669218,64015,,,,,
1325834262,64015,,,,,
235764604,64015,,,,,
1186548805,64015,,,,,
2334789937,64015,,,,,
45100834,64015,,,,,
15191684,64015,,,,,
488874334,64015,,,,,
2382521432,64015,,,,,
2437076493,64015,,,,,
2902128025,64015,,,,,
16827644,64015,,,,,
76918946,64015,,,,,
90606575,64015,,,,,
1059799014,64015,,,,,
1602756109,64015,,,,,
236063854,64015,,,,,
432606380,64015,,,,,
93912818,64015,,,,,
368692107,64015,,,,,
335652852,64015,,,,,
2149991039,64015,,,,,
16472606,64015,,,,,
101223155,64015,,,,,
329253063,64015,,,,,
2421518437,64015,,,,,
50462319,64015,,,,,
2256615009,64015,,,,,
2300027218,64015,,,,,
293531371,64015,,,,,
2488637047,64015,,,,,
2459871124,64015,,,,,
356955765,64015,,,,,
67350705,64015,,,,,
762373104,64015,,,,,
402797867,64015,,,,,
146046279,64015,,,,,
24499567,64015,,,,,
211910226,64015,,,,,
2822640558,64015,,,,,
24710191,64015,,,,,
500645908,64015,,,,,
220294810,64015,,,,,
552198476,64015,,,,,
1006380079,64015,,,,,
59176407,64015,,,,,
684743,64015,,,,,
11560052,64015,,,,,
19588212,64015,,,,,
244190306,64015,,,,,
289129660,64015,,,,,
328001525,64015,,,,,
1240631485,64015,,,,,
56534837,64015,,,,,
1348116918,64015,,,,,
327266459,64015,,,,,
573539619,64015,,,,,
22190942,64015,,,,,
47572601,64015,,,,,
746967139,64015,,,,,
970716138,64015,,,,,
2170767372,64015,,,,,
2846390949,64015,,,,,
2986598106,64015,,,,,
311455057,64015,,,,,
446395013,64015,,,,,
527749842,64015,,,,,
1068733952,64015,,,,,
1401454434,64015,,,,,
164484695,64015,,,,,
2857664528,64015,,,,,
368104323,64015,,,,,
1120333590,64015,,,,,
125989832,64015,,,,,
598714692,64015,,,,,
739461168,64015,,,,,
2375535618,64015,,,,,
333539696,64015,,,,,
776869488,64015,,,,,
126473026,64015,,,,,
426997208,64015,,,,,
926173082,64015,,,,,
2273108910,64015,,,,,
111565284,64015,,,,,
348186368,64015,,,,,
2320390872,64015,,,,,
217375549,64015,,,,,
1430403961,64015,,,,,
572981684,64015,,,,,
22399773,64015,,,,,
107847615,64015,,,,,
2175276071,64015,,,,,
188332703,64015,,,,,
387644939,64015,,,,,
1485920209,64015,,,,,
3001166572,64015,,,,,
84812252,64015,,,,,
132037287,64015,,,,,
2884442819,64015,,,,,
159447476,64015,,,,,
2251135545,64015,,,,,
23111022,64015,,,,,
54621438,64015,,,,,
387039185,64015,,,,,
2948579002,64015,,,,,
2288896101,64015,,,,,
2287129590,64015,,,,,
196588585,64015,,,,,
87417093,64015,,,,,
1182570404,64015,,,,,
2548320697,64015,,,,,
2738845982,64015,,,,,
24421096,64015,,,,,
747591229,64015,,,,,
2521667443,64015,,,,,
17907878,64015,,,,,
834069246,64015,,,,,
2860679127,64015,,,,,
520319630,64015,,,,,
1397954294,64015,,,,,
1607093934,64015,,,,,
2897913300,64015,,,,,
258142171,64015,,,,,
555668244,64015,,,,,
2968865812,64015,,,,,
75777771,64015,,,,,
303497707,64015,,,,,
466803739,64015,,,,,
27279153,64015,,,,,
839989291,64015,,,,,
137312247,64015,,,,,
473524022,64015,,,,,
27275057,64015,,,,,
2741235447,64015,,,,,
39304514,64015,,,,,
3161440380,64015,,,,,
781639459,64015,,,,,
175542144,64015,,,,,
358079564,64015,,,,,
28708336,64015,,,,,
197126329,64015,,,,,
235709935,64015,,,,,
20087934,64015,,,,,
465093913,64015,,,,,
2532382584,64015,,,,,
635638266,64015,,,,,
271690493,64015,,,,,
605023973,64015,,,,,
2540050790,64015,,,,,
135379966,64015,,,,,
281483816,64015,,,,,
2425655918,64015,,,,,
403481070,64015,,,,,
1625501221,64015,,,,,
66127766,64015,,,,,
313072946,64015,,,,,
45815507,64015,,,,,
27488996,64015,,,,,
2289016514,64015,,,,,
83353811,64015,,,,,
91641867,64015,,,,,
391721968,64015,,,,,
745110518,64015,,,,,
1280150808,64015,,,,,
721151500,64015,,,,,
282502012,64015,,,,,
1583785717,64015,,,,,
2290811474,64015,,,,,
221470589,64015,,,,,
541771316,64015,,,,,
2614786157,64015,,,,,
322889483,64015,,,,,
80185714,64015,,,,,
248258521,64015,,,,,
251400261,64015,,,,,
579813780,64015,,,,,
2363832032,64015,,,,,
2663115926,64015,,,,,
45193878,64015,,,,,
514183205,64015,,,,,
526089614,64015,,,,,
2957888519,64015,,,,,
529038426,64015,,,,,
566913465,64015,,,,,
29207734,64015,,,,,
45753127,64015,,,,,
2300245883,64015,,,,,
2521411383,64015,,,,,
66116782,64015,,,,,
99341747,64015,,,,,
2810868904,64015,,,,,
3019056878,64015,,,,,
96410271,64015,,,,,
113030654,64015,,,,,
70196696,64015,,,,,
1648169364,64015,,,,,
47152159,64015,,,,,
224295002,64015,,,,,
237490111,64015,,,,,
896337979,64015,,,,,
1182718410,64015,,,,,
2307961361,64015,,,,,
2208787378,64015,,,,,
2236655593,64015,,,,,
30171493,64015,,,,,
143190720,64015,,,,,
2841083319,64015,,,,,
1593036037,64015,,,,,
352839081,64015,,,,,
2299647504,64015,,,,,
309397650,64015,,,,,
1345313287,64015,,,,,
40321200,64015,,,,,
1125910016,64015,,,,,
341216486,64015,,,,,
371894011,64015,,,,,
1170168146,64015,,,,,
2314532040,64015,,,,,
22966544,64015,,,,,
459360333,64015,,,,,
2209214250,64015,,,,,
244711182,64015,,,,,
470193316,64015,,,,,
1029887413,64015,,,,,
111640374,64015,,,,,
298770805,64015,,,,,
330111367,64015,,,,,
754480416,64015,,,,,
28913515,64015,,,,,
2899648736,64015,,,,,
323533213,64015,,,,,
447006717,64015,,,,,
2215745790,64015,,,,,
37797873,64015,,,,,
103483177,64015,,,,,
360837046,64015,,,,,
156041520,64015,,,,,
338082675,64015,,,,,
616234806,64015,,,,,
833898145,64015,,,,,
314439589,64015,,,,,
318532198,64015,,,,,
1015235778,64015,,,,,
1608170250,64015,,,,,
2751254297,64015,,,,,
2836002698,64015,,,,,
358622872,64015,,,,,
432444015,64015,,,,,
1007393280,64015,,,,,
1039256256,64015,,,,,
2463294392,64015,,,,,
3041963062,64015,,,,,
51014759,64015,,,,,
57279423,64015,,,,,
228816084,64015,,,,,
2444335405,64015,,,,,
816043436,64015,,,,,
1015347390,64015,,,,,
18036062,64015,,,,,
466157667,64015,,,,,
490067262,64015,,,,,
18586792,64015,,,,,
2297565259,64015,,,,,
31342353,64015,,,,,
979779408,64015,,,,,
131832005,64015,,,,,
251113918,64015,,,,,
481292523,64015,,,,,
572831144,64015,,,,,
792686642,64015,,,,,
1593423703,64015,,,,,
357318897,64015,,,,,
1648646648,64015,,,,,
2245018885,64015,,,,,
2298433139,64015,,,,,
999453985,64015,,,,,
785006803,64015,,,,,
750728192,64015,,,,,
305875922,64015,,,,,
379141823,64015,,,,,
1724073056,64015,,,,,
2475330642,64015,,,,,
3034460847,64015,,,,,
145624635,64015,,,,,
2210707681,64015,,,,,
181067164,64015,,,,,
189614954,64015,,,,,
2870024123,64015,,,,,
26745345,64015,,,,,
27836227,64015,,,,,
134569782,64015,,,,,
167586010,64015,,,,,
271405133,64015,,,,,
317124434,64015,,,,,
2884016811,64015,,,,,
114279059,64015,,,,,
475275256,64015,,,,,
1971353426,64015,,,,,
2541294010,64015,,,,,
189743819,64015,,,,,
432980160,64015,,,,,
453122180,64015,,,,,
1276076918,64015,,,,,
1902285763,64015,,,,,
141904291,64015,,,,,
557322775,64015,,,,,
2303513724,64015,,,,,
1523761322,64015,,,,,
309823366,64015,,,,,
729135326,64015,,,,,
2542428440,64015,,,,,
24357959,64015,,,,,
86233974,64015,,,,,
129628411,64015,,,,,
395514224,64015,,,,,
2306767435,64015,,,,,
50808542,64015,,,,,
492773603,64015,,,,,
1607376348,64015,,,,,
18596477,64015,,,,,
701574390,64015,,,,,
2902768245,64015,,,,,
158894013,64015,,,,,
1173113528,64015,,,,,
2267779614,64015,,,,,
64290073,64015,,,,,
105833445,64015,,,,,
376449279,64015,,,,,
864255662,64015,,,,,
2806535660,64015,,,,,
813651144,64015,,,,,
2420136887,64015,,,,,
705450182,64015,,,,,
464221685,64015,,,,,
618147799,64015,,,,,
2434859664,64015,,,,,
2449583612,64015,,,,,
56297391,64015,,,,,
1605328008,64015,,,,,
195867465,64015,,,,,
423157169,64015,,,,,
2188771088,64015,,,,,
2332859379,64015,,,,,
162914559,64015,,,,,
1602579751,64015,,,,,
2594873214,64015,,,,,
624386389,64015,,,,,
1121514170,64015,,,,,
2818181522,64015,,,,,
49128472,64015,,,,,
88805422,64015,,,,,
89022589,64015,,,,,
1659206671,64015,,,,,
57835666,64015,,,,,
158788504,64015,,,,,
541982226,64015,,,,,
22977781,64015,,,,,
77810367,64015,,,,,
533630397,64015,,,,,
86857548,64015,,,,,
451967444,64015,,,,,
144458505,64015,,,,,
1107478106,64015,,,,,
294291157,64015,,,,,
491936327,64015,,,,,
2224546646,64015,,,,,
1517203855,64015,,,,,
2541731472,64015,,,,,
3089042488,64015,,,,,
60208857,64015,,,,,
2730099073,64015,,,,,
45308109,64015,,,,,
123791036,64015,,,,,
349950686,64015,,,,,
419096848,64015,,,,,
620464950,64015,,,,,
2758421841,64015,,,,,
39422873,64015,,,,,
354188511,64015,,,,,
379712969,64015,,,,,
2546576730,64015,,,,,
3029555386,64015,,,,,
1657185440,64015,,,,,
1709828642,64015,,,,,
610100507,64015,,,,,
2706847724,64015,,,,,
2285071741,64015,,,,,
21953248,64015,,,,,
74854288,64015,,,,,
403432839,64015,,,,,
174618314,64015,,,,,
412622034,64015,,,,,
2309321053,64015,,,,,
2584484636,64015,,,,,
346589100,64015,,,,,
375699445,64015,,,,,
930879235,64015,,,,,
1597845421,64015,,,,,
149095809,64015,,,,,
375872725,64015,,,,,
442186923,64015,,,,,
557336029,64015,,,,,
584255198,64015,,,,,
1014376770,64015,,,,,
354392679,64015,,,,,
2416618946,64015,,,,,
329401795,64015,,,,,
848050526,64015,,,,,
1445119063,64015,,,,,
2754843808,64015,,,,,
78662635,64015,,,,,
96006684,64015,,,,,
257029172,64015,,,,,
206366309,64015,,,,,
437498084,64015,,,,,
1234830631,64015,,,,,
2444043510,64015,,,,,
758135678,64015,,,,,
29912289,64015,,,,,
161262801,64015,,,,,
948585554,64015,,,,,
22384582,64015,,,,,
423309143,64015,,,,,
35374269,64015,,,,,
546460981,64015,,,,,
123790358,64015,,,,,
182318327,64015,,,,,
392487826,64015,,,,,
70867821,64015,,,,,
2604986130,64015,,,,,
14234180,64015,,,,,
336457307,64015,,,,,
763845007,64015,,,,,
837896455,64015,,,,,
2876060468,64015,,,,,
995764722,64015,,,,,
2766906485,64015,,,,,
2939855634,64015,,,,,
3045753156,64015,,,,,
2242847876,64015,,,,,
2908166503,64015,,,,,
46042642,64015,,,,,
120592166,64015,,,,,
396013545,64015,,,,,
936097273,64015,,,,,
3065675733,64015,,,,,
155633016,64015,,,,,
1704746341,64015,,,,,
487256511,64015,,,,,
1101438330,64015,,,,,
2465022924,64015,,,,,
2743285543,64015,,,,,
34881422,64015,,,,,
45079333,64015,,,,,
205069248,64015,,,,,
2752725065,64015,,,,,
379994502,64015,,,,,
2271149275,64015,,,,,
301239085,64015,,,,,
309231721,64015,,,,,
179558875,64015,,,,,
439666906,64015,,,,,
1676941554,64015,,,,,
84338426,64015,,,,,
113960757,64015,,,,,
1663029534,64015,,,,,
67972476,64015,,,,,
295390785,64015,,,,,
396243330,64015,,,,,
21258949,64015,,,,,
22216620,64015,,,,,
207584376,64015,,,,,
161963744,64015,,,,,
2395260418,64015,,,,,
2608967616,64015,,,,,
2913075013,64015,,,,,
50179868,64015,,,,,
2875801503,64015,,,,,
79644630,64015,,,,,
2768260126,64015,,,,,
157084155,64015,,,,,
326572763,64015,,,,,
2806457621,64015,,,,,
2898574523,64015,,,,,
230690305,64015,,,,,
142976521,64015,,,,,
1150778605,64015,,,,,
1277610391,64015,,,,,
1641910560,64015,,,,,
2357879834,64015,,,,,
174602610,64015,,,,,
2752921954,64015,,,,,
2959313437,64015,,,,,
53630929,64015,,,,,
1069102332,64015,,,,,
452396644,64015,,,,,
488603398,64015,,,,,
787882855,64015,,,,,
1226260428,64015,,,,,
1377764882,64015,,,,,
2705771670,64015,,,,,
243333708,64015,,,,,
2871814263,64015,,,,,
1416458406,64015,,,,,
2975068174,64015,,,,,
319521142,64015,,,,,
155773476,64015,,,,,
703768443,64015,,,,,
980714168,64015,,,,,
116832103,64015,,,,,
495016851,64015,,,,,
258515525,64015,,,,,
1683214591,64015,,,,,
45627569,64015,,,,,
1036231855,64015,,,,,
1692003931,64015,,,,,
37323294,64015,,,,,
233447517,64015,,,,,
2439336445,64015,,,,,
39871064,64015,,,,,
90751159,64015,,,,,
103245828,64015,,,,,
2326815733,64015,,,,,
104944845,64015,,,,,
332638685,64015,,,,,
433507049,64015,,,,,
3182114972,64015,,,,,
52568413,64015,,,,,
218703372,64015,,,,,
368145357,64015,,,,,
152329996,64015,,,,,
532544663,64015,,,,,
1091460062,64015,,,,,
3068858725,64015,,,,,
216104209,64015,,,,,
22871501,64015,,,,,
67968414,64015,,,,,
437318048,64015,,,,,
461043267,64015,,,,,
2237854550,64015,,,,,
2238721693,64015,,,,,
787745713,64015,,,,,
98221214,64015,,,,,
185764502,64015,,,,,
2203888182,64015,,,,,
22049098,64015,,,,,
107144019,64015,,,,,
430359645,64015,,,,,
871660705,64015,,,,,
1196004842,64015,,,,,
20094532,64015,,,,,
20702013,64015,,,,,
451214240,64015,,,,,
2607247115,64015,,,,,
2959912823,64015,,,,,
3131182143,64015,,,,,
1364737488,64015,,,,,
2760175005,64015,,,,,
327743279,64015,,,,,
2878418428,64015,,,,,
484935028,64015,,,,,
1955317428,64015,,,,,
287882043,64015,,,,,
1538543972,64015,,,,,
99345446,64015,,,,,
164794490,64015,,,,,
1556150822,64015,,,,,
2498980998,64015,,,,,
234567007,64015,,,,,
341727357,64015,,,,,
840408660,64015,,,,,
408947330,64015,,,,,
2738083600,64015,,,,,
155519049,64015,,,,,
376493068,64015,,,,,
3052818382,64015,,,,,
550547276,64015,,,,,
55679493,64015,,,,,
262509919,64015,,,,,
478093259,64015,,,,,
25210383,64015,,,,,
326923924,64015,,,,,
628394910,64015,,,,,
2567372228,64015,,,,,
1292968105,64015,,,,,
729538626,64015,,,,,
2193482927,64015,,,,,
63270382,64015,,,,,
143135729,64015,,,,,
3004193193,64015,,,,,
2438645005,64015,,,,,
89503611,64015,,,,,
282189177,64015,,,,,
1038441842,64015,,,,,
1673048654,64015,,,,,
335648065,64015,,,,,
1566807866,64015,,,,,
2612587958,64015,,,,,
2697340243,64015,,,,,
727260001,64015,,,,,
1426159140,64015,,,,,
20229193,64015,,,,,
38318864,64015,,,,,
324617518,64015,,,,,
43188800,64015,,,,,
203603246,64015,,,,,
162611548,64015,,,,,
263225623,64015,,,,,
320467905,64015,,,,,
348053172,64015,,,,,
1498009908,64015,,,,,
21705722,64015,,,,,
81463069,64015,,,,,
110864865,64015,,,,,
944233843,64015,,,,,
2458041025,64015,,,,,
160643251,64015,,,,,
1732414968,64015,,,,,
2312162515,64015,,,,,
2476352695,64015,,,,,
21349545,64015,,,,,
1053785868,64015,,,,,
56287225,64015,,,,,
275838933,64015,,,,,
1430736392,64015,,,,,
229291910,64015,,,,,
731494993,64015,,,,,
39050965,64015,,,,,
1062842503,64015,,,,,
141070721,64015,,,,,
2962383832,64015,,,,,
183690289,64015,,,,,
369727413,64015,,,,,
179662384,64015,,,,,
1623445088,64015,,,,,
118511715,64015,,,,,
2437942099,64015,,,,,
1396509643,64015,,,,,
25000779,64015,,,,,
1071223478,64015,,,,,
2896815227,64015,,,,,
35200451,64015,,,,,
449221534,64015,,,,,
3095086671,64015,,,,,
403738036,64015,,,,,
487286889,64015,,,,,
2765366226,64015,,,,,
303659271,64015,,,,,
948707646,64015,,,,,
1711092848,64015,,,,,
2568564158,64015,,,,,
2833708142,64015,,,,,
263400136,64015,,,,,
842262732,64015,,,,,
2776497981,64015,,,,,
528411214,64015,,,,,
542641803,64015,,,,,
1615845996,64015,,,,,
254205771,64015,,,,,
316859109,64015,,,,,
1086797376,64015,,,,,
2431257307,64015,,,,,
571900636,64015,,,,,
1453431187,64015,,,,,
2977024207,64015,,,,,
1503439933,64015,,,,,
2500760286,64015,,,,,
2559168126,64015,,,,,
120883715,64015,,,,,
1069350162,64015,,,,,
1885120015,64015,,,,,
217716435,64015,,,,,
2903229076,64015,,,,,
92486613,64015,,,,,
278818562,64015,,,,,
365373027,64015,,,,,
1597658221,64015,,,,,
1663752234,64015,,,,,
1965733964,64015,,,,,
54017531,64015,,,,,
70622966,64015,,,,,
1661928456,64015,,,,,
2877936804,64015,,,,,
22976126,64015,,,,,
1506870486,64015,,,,,
551111059,64015,,,,,
1666543866,64015,,,,,
2508517831,64015,,,,,
236165532,64015,,,,,
335689395,64015,,,,,
268745694,64015,,,,,
507683158,64015,,,,,
1952390682,64015,,,,,
2230575518,64015,,,,,
25922356,64015,,,,,
842165660,64015,,,,,
20784683,64015,,,,,
326869253,64015,,,,,
2968375486,64015,,,,,
3154940577,64015,,,,,
199784185,64015,,,,,
424270930,64015,,,,,
446814468,64015,,,,,
916596266,64015,,,,,
485219034,64015,,,,,
890300498,64015,,,,,
135472360,64015,,,,,
767310007,64015,,,,,
2371253334,64015,,,,,
2992685762,64015,,,,,
28207516,64015,,,,,
2421258289,64015,,,,,
222766499,64015,,,,,
629632921,64015,,,,,
1511768155,64015,,,,,
1732121486,64015,,,,,
112868174,64015,,,,,
226131809,64015,,,,,
2332352597,64015,,,,,
2718375420,64015,,,,,
144399563,64015,,,,,
21012499,64015,,,,,
282914333,64015,,,,,
318956466,64015,,,,,
401513227,64015,,,,,
431912038,64015,,,,,
627928092,64015,,,,,
702954212,64015,,,,,
2276687034,64015,,,,,
600361111,64015,,,,,
319449904,64015,,,,,
464489572,64015,,,,,
203820439,64015,,,,,
1281790656,64015,,,,,
1470530833,64015,,,,,
2345680502,64015,,,,,
225799156,64015,,,,,
1461752647,64015,,,,,
296332523,64015,,,,,
2303771439,64015,,,,,
838221878,64015,,,,,
1406472931,64015,,,,,
336290691,64015,,,,,
103102848,64015,,,,,
2789504173,64015,,,,,
86557919,64015,,,,,
139799038,64015,,,,,
575892843,64015,,,,,
1403208230,64015,,,,,
296538473,64015,,,,,
371287690,64015,,,,,
463222186,64015,,,,,
154896726,64015,,,,,
2205429485,64015,,,,,
345954517,64015,,,,,
28295236,64015,,,,,
175986326,64015,,,,,
3071619311,64015,,,,,
14105953,64015,,,,,
29243214,64015,,,,,
259944587,64015,,,,,
1029402637,64015,,,,,
1356505207,64015,,,,,
119215055,64015,,,,,
2245331462,64015,,,,,
409531525,64015,,,,,
2753469135,64015,,,,,
417816219,64015,,,,,
2998468044,64015,,,,,
575803620,64015,,,,,
2319463056,64015,,,,,
1462020590,64015,,,,,
2865669713,64015,,,,,
2349810649,64015,,,,,
268059126,64015,,,,,
854050016,64015,,,,,
536997197,64015,,,,,
1162703370,64015,,,,,
96083999,64015,,,,,
345766771,64015,,,,,
1488962630,64015,,,,,
1503988453,64015,,,,,
2623515359,64015,,,,,
162102905,64015,,,,,
2797650155,64015,,,,,
117006609,64015,,,,,
2856537241,64015,,,,,
322861932,64015,,,,,
11683632,64015,,,,,
38218247,64015,,,,,
181903804,64015,,,,,
217955679,64015,,,,,
1113529028,64015,,,,,
235816305,64015,,,,,
1396784582,64015,,,,,
87488170,64015,,,,,
125928028,64015,,,,,
2150485880,64015,,,,,
438604257,64015,,,,,
1383112808,64015,,,,,
1552758770,64015,,,,,
43398423,64015,,,,,
711526813,64015,,,,,
599963823,64015,,,,,
730976700,64015,,,,,
232297031,64015,,,,,
278817161,64015,,,,,
1253316654,64015,,,,,
2430878814,64015,,,,,
243400729,64015,,,,,
322280910,64015,,,,,
1321461186,64015,,,,,
392415495,64015,,,,,
120974505,64015,,,,,
431241828,64015,,,,,
988429320,64015,,,,,
1784308382,64015,,,,,
36854356,64015,,,,,
222223608,64015,,,,,
2275152726,64015,,,,,
2523085886,64015,,,,,
3174940266,64015,,,,,
180785388,64015,,,,,
1461740785,64015,,,,,
2300806026,64015,,,,,
3077127819,64015,,,,,
31422616,64015,,,,,
61551467,64015,,,,,
2906144109,64015,,,,,
862603868,64015,,,,,
2598082584,64015,,,,,
191765987,64015,,,,,
356020102,64015,,,,,
821931469,64015,,,,,
2291449259,64015,,,,,
948118004,64015,,,,,
2733816872,64015,,,,,
302338619,64015,,,,,
312922581,64015,,,,,
367959513,64015,,,,,
629327836,64015,,,,,
2280139595,64015,,,,,
2292334544,64015,,,,,
324672829,64015,,,,,
2538476994,64015,,,,,
36648285,64015,,,,,
303420052,64015,,,,,
801626150,64015,,,,,
903105368,64015,,,,,
1029895170,64015,,,,,
334310276,64015,,,,,
1633369572,64015,,,,,
49947478,64015,,,,,
254980236,64015,,,,,
329958457,64015,,,,,
1699797000,64015,,,,,
43646124,64015,,,,,
71052378,64015,,,,,
229757453,64015,,,,,
289576605,64015,,,,,
2948978878,64015,,,,,
1240967131,64015,,,,,
42177833,64015,,,,,
161549157,64015,,,,,
464321828,64015,,,,,
832366146,64015,,,,,
1227535027,64015,,,,,
1405664432,64015,,,,,
2315104384,64015,,,,,
18786414,64015,,,,,
37245052,64015,,,,,
39583397,64015,,,,,
53357594,64015,,,,,
1348059612,64015,,,,,
2275418725,64015,,,,,
56852284,64015,,,,,
326440164,64015,,,,,
578326557,64015,,,,,
909371755,64015,,,,,
2149345555,64015,,,,,
16668042,64015,,,,,
17303943,64015,,,,,
109489681,64015,,,,,
296408201,64015,,,,,
359059925,64015,,,,,
2514700454,64015,,,,,
2903894852,64015,,,,,
420546707,64015,,,,,
499690034,64015,,,,,
1407738254,64015,,,,,
2868542564,64015,,,,,
764834558,64015,,,,,
1111126194,64015,,,,,
2773039662,64015,,,,,
32386368,64015,,,,,
254240940,64015,,,,,
264680497,64015,,,,,
253078090,64015,,,,,
320861521,64015,,,,,
443416058,64015,,,,,
1722912390,64015,,,,,
2614898956,64015,,,,,
2731370514,64015,,,,,
74850366,64015,,,,,
180302550,64015,,,,,
551895510,64015,,,,,
979238706,64015,,,,,
89025533,64015,,,,,
1374062514,64015,,,,,
35086484,64015,,,,,
1240935444,64015,,,,,
1407925484,64015,,,,,
2680447280,64015,,,,,
232032971,64015,,,,,
322043658,64015,,,,,
1651745263,64015,,,,,
283275650,64015,,,,,
377116288,64015,,,,,
622596993,64015,,,,,
915536172,64015,,,,,
1323845160,64015,,,,,
2228718979,64015,,,,,
229247820,64015,,,,,
546044828,64015,,,,,
1054254266,64015,,,,,
1182010928,64015,,,,,
2893359492,64015,,,,,
88296327,64015,,,,,
110920593,64015,,,,,
287286355,64015,,,,,
238691664,64015,,,,,
61906888,64015,,,,,
2256501840,64015,,,,,
628723548,64015,,,,,
1176941959,64015,,,,,
3034965684,64015,,,,,
1098775183,64015,,,,,
2491752716,64015,,,,,
14663645,64015,,,,,
20612334,64015,,,,,
956206459,64015,,,,,
2295666643,64015,,,,,
279431821,64015,,,,,
370522149,64015,,,,,
472870741,64015,,,,,
1227505230,64015,,,,,
2250470203,64015,,,,,
1181153359,64015,,,,,
3146790737,64015,,,,,
422103108,64015,,,,,
91308306,64015,,,,,
614269806,64015,,,,,
183790614,64015,,,,,
77754336,64015,,,,,
227850927,64015,,,,,
2373102542,64015,,,,,
2658848500,64015,,,,,
2779014438,64015,,,,,
120041142,64015,,,,,
229670513,64015,,,,,
2456064839,64015,,,,,
2788180033,64015,,,,,
101011701,64015,,,,,
174303316,64015,,,,,
303471879,64015,,,,,
477776685,64015,,,,,
1186808365,64015,,,,,
1591099116,64015,,,,,
3018998985,64015,,,,,
287548753,64015,,,,,
530894701,64015,,,,,
1306829516,64015,,,,,
319393651,64015,,,,,
2194826948,64015,,,,,
502483248,64015,,,,,
1322875490,64015,,,,,
1212325976,64015,,,,,
1511723324,64015,,,,,
2230479480,64015,,,,,
2232409842,64015,,,,,
394569500,64015,,,,,
1337186748,64015,,,,,
2182625797,64015,,,,,
2253160856,64015,,,,,
2890040243,64015,,,,,
67603939,64015,,,,,
853648609,64015,,,,,
2255489124,64015,,,,,
65056293,64015,,,,,
571011065,64015,,,,,
2827758939,64015,,,,,
442234682,64015,,,,,
510782248,64015,,,,,
1230586296,64015,,,,,
3046761375,64015,,,,,
631848752,64015,,,,,
721050553,64015,,,,,
843975835,64015,,,,,
2346713722,64015,,,,,
2522570045,64015,,,,,
2845333270,64015,,,,,
2872201877,64015,,,,,
2941244681,64015,,,,,
10820542,64015,,,,,
14392960,64015,,,,,
44790947,64015,,,,,
411808018,64015,,,,,
539717659,64015,,,,,
1416717222,64015,,,,,
46503823,64015,,,,,
155610666,64015,,,,,
355470606,64015,,,,,
600054988,64015,,,,,
203049889,64015,,,,,
310977141,64015,,,,,
1676392063,64015,,,,,
226835834,64015,,,,,
318933919,64015,,,,,
2365848399,64015,,,,,
2448835136,64015,,,,,
489371892,64015,,,,,
547913838,64015,,,,,
1897280546,64015,,,,,
7178502,64015,,,,,
370302816,64015,,,,,
2866330033,64015,,,,,
59332373,64015,,,,,
2275955754,64015,,,,,
15667716,64015,,,,,
57942951,64015,,,,,
244338620,64015,,,,,
621651725,64015,,,,,
14851688,64015,,,,,
374303368,64015,,,,,
2409713946,64015,,,,,
2748110291,64015,,,,,
2922970019,64015,,,,,
313381121,64015,,,,,
1193950766,64015,,,,,
331985645,64015,,,,,
452468976,64015,,,,,
538592230,64015,,,,,
2941331090,64015,,,,,
2387308717,64015,,,,,
1572707106,64015,,,,,
109183537,64015,,,,,
2184972349,64015,,,,,
2891170630,64015,,,,,
2949104520,64015,,,,,
118100967,64015,,,,,
1146244945,64015,,,,,
1149889507,64015,,,,,
1230450116,64015,,,,,
2222092466,64015,,,,,
2874240412,64015,,,,,
1409080423,64015,,,,,
1560086869,64015,,,,,
345763701,64015,,,,,
564106423,64015,,,,,
1639992649,64015,,,,,
1326797010,64015,,,,,
3196742670,64015,,,,,
179572354,64015,,,,,
210624595,64015,,,,,
233541237,64015,,,,,
243391205,64015,,,,,
458534004,64015,,,,,
1560864229,64015,,,,,
2570670815,64015,,,,,
2916227694,64015,,,,,
310655866,64015,,,,,
1564845326,64015,,,,,
2540343470,64015,,,,,
95217106,64015,,,,,
205977156,64015,,,,,
385195741,64015,,,,,
1251239078,64015,,,,,
240178003,64015,,,,,
295119772,64015,,,,,
579524164,64015,,,,,
509673775,64015,,,,,
2766276262,64015,,,,,
62228892,64015,,,,,
235759154,64015,,,,,
306520728,64015,,,,,
615639615,64015,,,,,
2967952086,64015,,,,,
153944854,64015,,,,,
234546300,64015,,,,,
258411700,64015,,,,,
868569020,64015,,,,,
1652541084,64015,,,,,
32243554,64015,,,,,
47436425,64015,,,,,
846559477,64015,,,,,
90749937,64015,,,,,
997408332,64015,,,,,
1494310118,64015,,,,,
2427482714,64015,,,,,
2955763781,64015,,,,,
2968979009,64015,,,,,
752746634,64015,,,,,
774828392,64015,,,,,
183807919,64015,,,,,
1240940094,64015,,,,,
1470913272,64015,,,,,
2705344111,64015,,,,,
495142056,64015,,,,,
16389359,64015,,,,,
221973752,64015,,,,,
571258713,64015,,,,,
1035838758,64015,,,,,
1498326793,64015,,,,,
3040442210,64015,,,,,
1326001728,64015,,,,,
1651739810,64015,,,,,
2353971600,64015,,,,,
2943982337,64015,,,,,
3105888198,64015,,,,,
103833650,64015,,,,,
329044159,64015,,,,,
579153693,64015,,,,,
1371092689,64015,,,,,
536105365,64015,,,,,
753820500,64015,,,,,
2438416314,64015,,,,,
248465224,64015,,,,,
1652355342,64015,,,,,
2955450462,64015,,,,,
2980020736,64015,,,,,
271046022,64015,,,,,
2164382436,64015,,,,,
10207502,64015,,,,,
85090986,64015,,,,,
487385047,64015,,,,,
1468613576,64015,,,,,
134552472,64015,,,,,
1937532032,64015,,,,,
2256873915,64015,,,,,
2868841231,64015,,,,,
338993148,64015,,,,,
292329316,64015,,,,,
1152175650,64015,,,,,
1538154462,64015,,,,,
2369930302,64015,,,,,
42117033,64015,,,,,
149647740,64015,,,,,
578471860,64015,,,,,
2288314421,64015,,,,,
2977004876,64015,,,,,
286519515,64015,,,,,
942892748,64015,,,,,
1882846626,64015,,,,,
2802904700,64015,,,,,
314243225,64015,,,,,
424757299,64015,,,,,
2444306816,64015,,,,,
2890716597,64015,,,,,
4621821,64015,,,,,
196130359,64015,,,,,
316838005,64015,,,,,
1234643856,64015,,,,,
3090041517,64015,,,,,
161933180,64015,,,,,
756331316,64015,,,,,
804892117,64015,,,,,
1295911188,64015,,,,,
1602172922,64015,,,,,
2267633525,64015,,,,,
2717093540,64015,,,,,
58433386,64015,,,,,
58718548,64015,,,,,
845190588,64015,,,,,
2902794900,64015,,,,,
214122801,64015,,,,,
567398972,64015,,,,,
1040539303,64015,,,,,
1251233792,64015,,,,,
460583959,64015,,,,,
476416087,64015,,,,,
2484640106,64015,,,,,
172537970,64015,,,,,
295302181,64015,,,,,
1291065301,64015,,,,,
226195401,64015,,,,,
629978204,64015,,,,,
2387394189,64015,,,,,
2787257562,64015,,,,,
319229415,64015,,,,,
335630698,64015,,,,,
2607140415,64015,,,,,
2804628409,64015,,,,,
1056595694,64015,,,,,
2751594860,64015,,,,,
17808863,64015,,,,,
414132865,64015,,,,,
1870110732,64015,,,,,
2797037137,64015,,,,,
37329581,64015,,,,,
299939894,64015,,,,,
828439920,64015,,,,,
2358971906,64015,,,,,
72431972,64015,,,,,
228069950,64015,,,,,
1237045044,64015,,,,,
2289175344,64015,,,,,
2290414225,64015,,,,,
2520405378,64015,,,,,
6509832,64015,,,,,
150796492,64015,,,,,
2935860845,64015,,,,,
85014876,64015,,,,,
887163673,64015,,,,,
3011115365,64015,,,,,
289764463,64015,,,,,
450800899,64015,,,,,
1599451201,64015,,,,,
2784420434,64015,,,,,
2802494114,64015,,,,,
447659568,64015,,,,,
847933734,64015,,,,,
2931839009,64015,,,,,
21478415,64015,,,,,
61627020,64015,,,,,
16062573,64015,,,,,
53472414,64015,,,,,
81734593,64015,,,,,
463449110,64015,,,,,
479149241,64015,,,,,
2914526130,64015,,,,,
3103213542,64015,,,,,
1952328541,64015,,,,,
2274164256,64015,,,,,
54494352,64015,,,,,
3064016885,64015,,,,,
425267016,64015,,,,,
1350999037,64015,,,,,
481975267,64015,,,,,
762574333,64015,,,,,
1234681508,64015,,,,,
2198686582,64015,,,,,
61169729,64015,,,,,
442355315,64015,,,,,
1224723530,64015,,,,,
420541748,64015,,,,,
1237400575,64015,,,,,
2443245763,64015,,,,,
118476758,64015,,,,,
567915259,64015,,,,,
2259518907,64015,,,,,
2895021150,64015,,,,,
1050977713,64015,,,,,
2359591674,64015,,,,,
1230600120,64015,,,,,
1262232469,64015,,,,,
2366600403,64015,,,,,
2968818940,64015,,,,,
108477407,64015,,,,,
312366216,64015,,,,,
321335111,64015,,,,,
415160802,64015,,,,,
771465120,64015,,,,,
1647996890,64015,,,,,
2536629014,64015,,,,,
312132621,64015,,,,,
1373628060,64015,,,,,
1960431313,64015,,,,,
2438160103,64015,,,,,
3070521189,64015,,,,,
39049582,64015,,,,,
189255563,64015,,,,,
2668672671,64015,,,,,
92201290,64015,,,,,
120350623,64015,,,,,
141550730,64015,,,,,
370245270,64015,,,,,
1408253977,64015,,,,,
3146037427,64015,,,,,
123791748,64015,,,,,
1322845597,64015,,,,,
2783534641,64015,,,,,
54275824,64015,,,,,
169365414,64015,,,,,
243131834,64015,,,,,
549982859,64015,,,,,
298217389,64015,,,,,
463016710,64015,,,,,
2238571621,64015,,,,,
2840498739,64015,,,,,
2941049530,64015,,,,,
21425184,64015,,,,,
225862076,64015,,,,,
975462608,64015,,,,,
1499500921,64015,,,,,
109459546,64015,,,,,
206883897,64015,,,,,
281519746,64015,,,,,
1430793200,64015,,,,,
1696220323,64015,,,,,
14311875,64015,,,,,
102832465,64015,,,,,
1372270128,64015,,,,,
171961162,64015,,,,,
227934746,64015,,,,,
258641669,64015,,,,,
1262228089,64015,,,,,
2476843155,64015,,,,,
260404176,64015,,,,,
300828201,64015,,,,,
1355732598,64015,,,,,
1626558620,64015,,,,,
2718889557,64015,,,,,
2166938988,64015,,,,,
223702413,64015,,,,,
357598036,64015,,,,,
886492370,64015,,,,,
1223052590,64015,,,,,
2367385879,64015,,,,,
32817565,64015,,,,,
720136919,64015,,,,,
1735789165,64015,,,,,
2453331486,64015,,,,,
2737611011,64015,,,,,
3027724661,64015,,,,,
47083884,64015,,,,,
503170444,64015,,,,,
2811982359,64015,,,,,
399192399,64015,,,,,
1864545032,64015,,,,,
18077485,64015,,,,,
363955733,64015,,,,,
1408202730,64015,,,,,
2615559954,64015,,,,,
38620483,64015,,,,,
333758935,64015,,,,,
526147236,64015,,,,,
255953825,64015,,,,,
337634904,64015,,,,,
954413701,64015,,,,,
1905494984,64015,,,,,
2787173497,64015,,,,,
25797470,64015,,,,,
297671195,64015,,,,,
713935633,64015,,,,,
1124167148,64015,,,,,
1240968938,64015,,,,,
2433996084,64015,,,,,
2191400877,64015,,,,,
312190813,64015,,,,,
926207780,64015,,,,,
2222502355,64015,,,,,
3151392545,64015,,,,,
382431313,64015,,,,,
1442465010,64015,,,,,
2270377494,64015,,,,,
2535911288,64015,,,,,
2573175873,64015,,,,,
502342760,64015,,,,,
1505821074,64015,,,,,
3018195541,64015,,,,,
149026073,64015,,,,,
1408073078,64015,,,,,
29239678,64015,,,,,
61910960,64015,,,,,
2191779084,64015,,,,,
2323857763,64015,,,,,
37250645,64015,,,,,
108391251,64015,,,,,
187689024,64015,,,,,
193506494,64015,,,,,
236687248,64015,,,,,
3162094846,64015,,,,,
57501485,64015,,,,,
294237764,64015,,,,,
341714495,64015,,,,,
471160310,64015,,,,,
965510341,64015,,,,,
1355955672,64015,,,,,
22868585,64015,,,,,
179557319,64015,,,,,
278164329,64015,,,,,
562811263,64015,,,,,
2782704332,64015,,,,,
171401650,64015,,,,,
1371903176,64015,,,,,
324037510,64015,,,,,
2914696569,64015,,,,,
9613162,64015,,,,,
243514934,64015,,,,,
278303662,64015,,,,,
309859411,64015,,,,,
479140817,64015,,,,,
30609779,64015,,,,,
380692305,64015,,,,,
1376071344,64015,,,,,
2321127168,64015,,,,,
2669352361,64015,,,,,
2817035318,64015,,,,,
173270313,64015,,,,,
593585160,64015,,,,,
2548768273,64015,,,,,
20207761,64015,,,,,
27596255,64015,,,,,
117826766,64015,,,,,
446878408,64015,,,,,
718504086,64015,,,,,
31221306,64015,,,,,
2248106682,64015,,,,,
2411966550,64015,,,,,
3142363759,64015,,,,,
325597286,64015,,,,,
941938866,64015,,,,,
1285441346,64015,,,,,
2336234330,64015,,,,,
2714673572,64015,,,,,
69679166,64015,,,,,
87226563,64015,,,,,
339397737,64015,,,,,
1408199930,64015,,,,,
1876303380,64015,,,,,
2533764198,64015,,,,,
2841490037,64015,,,,,
15392494,64015,,,,,
311340378,64015,,,,,
341931712,64015,,,,,
1170037908,64015,,,,,
1320120204,64015,,,,,
1864341974,64015,,,,,
2582736318,64015,,,,,
29718716,64015,,,,,
173269316,64015,,,,,
214034909,64015,,,,,
1585471093,64015,,,,,
2382261656,64015,,,,,
3135578111,64015,,,,,
45371032,64015,,,,,
615038346,64015,,,,,
826682990,64015,,,,,
1666094616,64015,,,,,
26174402,64015,,,,,
93430666,64015,,,,,
121576727,64015,,,,,
579122001,64015,,,,,
39047091,64015,,,,,
2947684200,64015,,,,,
81457442,64015,,,,,
1234666868,64015,,,,,
1330930567,64015,,,,,
74581886,64015,,,,,
133005951,64015,,,,,
2181423948,64015,,,,,
3031119291,64015,,,,,
1408211426,64015,,,,,
14160120,64015,,,,,
820447226,64015,,,,,
1251229418,64015,,,,,
65171105,64015,,,,,
169649204,64015,,,,,
173588816,64015,,,,,
242059275,64015,,,,,
1131227828,64015,,,,,
2426308993,64015,,,,,
3073964830,64015,,,,,
120647974,64015,,,,,
221001173,64015,,,,,
1408163694,64015,,,,,
1442086939,64015,,,,,
2789909281,64015,,,,,
21315493,64015,,,,,
3045449060,64015,,,,,
2890055413,64015,,,,,
371866986,64015,,,,,
425913671,64015,,,,,
742841178,64015,,,,,
1365280986,64015,,,,,
2600269110,64015,,,,,
159466708,64015,,,,,
1262170374,64015,,,,,
1599184590,64015,,,,,
3001582587,64015,,,,,
75013344,64015,,,,,
1214227670,64015,,,,,
1262176236,64015,,,,,
1489246627,64015,,,,,
2356983062,64015,,,,,
65689013,64015,,,,,
829465538,64015,,,,,
313083107,64015,,,,,
560073036,64015,,,,,
566270304,64015,,,,,
602026678,64015,,,,,
1374069282,64015,,,,,
2808780503,64015,,,,,
1621271,64015,,,,,
47252785,64015,,,,,
234775716,64015,,,,,
605976539,64015,,,,,
30619869,64015,,,,,
114622880,64015,,,,,
96529411,64015,,,,,
2179082615,64015,,,,,
2895558167,64015,,,,,
1869813912,64015,,,,,
2887564379,64015,,,,,
309483282,64015,,,,,
2559144644,64015,,,,,
235383497,64015,,,,,
242095141,64015,,,,,
494670287,64015,,,,,
1358241590,64015,,,,,
237116697,64015,,,,,
398805112,64015,,,,,
1160334504,64015,,,,,
2801174009,64015,,,,,
78669249,64015,,,,,
152697145,64015,,,,,
630227033,64015,,,,,
1059566514,64015,,,,,
2832847618,64015,,,,,
2853780424,64015,,,,,
2999054872,64015,,,,,
23568222,64015,,,,,
152829704,64015,,,,,
168318186,64015,,,,,
2967051615,64015,,,,,
536014650,64015,,,,,
2525901737,64015,,,,,
172657411,64015,,,,,
177919464,64015,,,,,
599666249,64015,,,,,
45070035,64015,,,,,
1158452509,64015,,,,,
2308279890,64015,,,,,
422259454,64015,,,,,
488854833,64015,,,,,
1017123967,64015,,,,,
2891989187,64015,,,,,
19563859,64015,,,,,
74301830,64015,,,,,
187964556,64015,,,,,
520593733,64015,,,,,
966924973,64015,,,,,
1109439726,64015,,,,,
1468657537,64015,,,,,
22009333,64015,,,,,
288335173,64015,,,,,
735843648,64015,,,,,
21682190,64015,,,,,
442477496,64015,,,,,
448891089,64015,,,,,
509431703,64015,,,,,
1221262340,64015,,,,,
1242934404,64015,,,,,
1374072948,64015,,,,,
14567040,64015,,,,,
20356950,64015,,,,,
509753525,64015,,,,,
1643735161,64015,,,,,
3006500669,64015,,,,,
20542381,64015,,,,,
285561613,64015,,,,,
1179981192,64015,,,,,
1420073550,64015,,,,,
32536837,64015,,,,,
46022705,64015,,,,,
156983651,64015,,,,,
202685958,64015,,,,,
547310388,64015,,,,,
1518643968,64015,,,,,
51200433,64015,,,,,
152036878,64015,,,,,
2454305912,64015,,,,,
120686214,64015,,,,,
151418310,64015,,,,,
562513065,64015,,,,,
1369833944,64015,,,,,
2865725719,64015,,,,,
14970812,64015,,,,,
90819003,64015,,,,,
857555666,64015,,,,,
944918460,64015,,,,,
2440707200,64015,,,,,
232462921,64015,,,,,
2939921668,64015,,,,,
3156969718,64015,,,,,
178570039,64015,,,,,
329130930,64015,,,,,
1094688504,64015,,,,,
1607302489,64015,,,,,
303809735,64015,,,,,
324660594,64015,,,,,
368618321,64015,,,,,
2245068486,64015,,,,,
2502894018,64015,,,,,
2966933634,64015,,,,,
457388164,64015,,,,,
1262182262,64015,,,,,
2942139529,64015,,,,,
45793332,64015,,,,,
420834891,64015,,,,,
2428295341,64015,,,,,
2618798496,64015,,,,,
539373304,64015,,,,,
634851823,64015,,,,,
1553750689,64015,,,,,
24095289,64015,,,,,
589853630,64015,,,,,
7377812,64015,,,,,
859116272,64015,,,,,
3048584850,64015,,,,,
52759035,64015,,,,,
189542433,64015,,,,,
1374437706,64015,,,,,
2482632276,64015,,,,,
885770527,64015,,,,,
111442679,64015,,,,,
2257899494,64015,,,,,
81218691,64015,,,,,
143450034,64015,,,,,
468499004,64015,,,,,
1090277654,64015,,,,,
2288701069,64015,,,,,
2565771476,64015,,,,,
65606040,64015,,,,,
245562867,64015,,,,,
1611949034,64015,,,,,
1903400215,64015,,,,,
2938892258,64015,,,,,
77559258,64015,,,,,
328363263,64015,,,,,
1374096134,64015,,,,,
2853513020,64015,,,,,
22084787,64015,,,,,
1262213671,64015,,,,,
2852033039,64015,,,,,
497512937,64015,,,,,
2768228509,64015,,,,,
2982570435,64015,,,,,
482362512,64015,,,,,
827663498,64015,,,,,
2209326660,64015,,,,,
2600078317,64015,,,,,
34230483,64015,,,,,
273226753,64015,,,,,
525926592,64015,,,,,
737644813,64015,,,,,
2908058659,64015,,,,,
874521978,64015,,,,,
1155574052,64015,,,,,
1478399400,64015,,,,,
2252026149,64015,,,,,
2408961777,64015,,,,,
40109452,64015,,,,,
329425842,64015,,,,,
368655127,64015,,,,,
1711550978,64015,,,,,
3151601144,64015,,,,,
59023947,64015,,,,,
579405237,64015,,,,,
2336113054,64015,,,,,
2354103552,64015,,,,,
3140467857,64015,,,,,
251480111,64015,,,,,
43219068,64015,,,,,
196126797,64015,,,,,
265067766,64015,,,,,
1616374520,64015,,,,,
2997581337,64015,,,,,
3051074822,64015,,,,,
14981648,64015,,,,,
2723966070,64015,,,,,
14795444,64015,,,,,
37789185,64015,,,,,
148645458,64015,,,,,
311372015,64015,,,,,
1262222029,64015,,,,,
3161269040,64015,,,,,
241262011,64015,,,,,
727639952,64015,,,,,
1244044861,64015,,,,,
1408266462,64015,,,,,
2745470915,64015,,,,,
2814835317,64015,,,,,
2946813926,64015,,,,,
3111897665,64015,,,,,
17905508,64015,,,,,
20479735,64015,,,,,
159024741,64015,,,,,
1642883174,64015,,,,,
2429375910,64015,,,,,
2660297018,64015,,,,,
3075464610,64015,,,,,
243953133,64015,,,,,
255604226,64015,,,,,
895946677,64015,,,,,
1047504174,64015,,,,,
2374484743,64015,,,,,
224169555,64015,,,,,
307362016,64015,,,,,
329902759,64015,,,,,
708528918,64015,,,,,
1287386492,64015,,,,,
204549832,64015,,,,,
771837326,64015,,,,,
232074836,64015,,,,,
958580738,64015,,,,,
1509803635,64015,,,,,
548041282,64015,,,,,
1408096484,64015,,,,,
2464399903,64015,,,,,
15386145,64015,,,,,
155744825,64015,,,,,
276725481,64015,,,,,
568619704,64015,,,,,
1592700852,64015,,,,,
1601683238,64015,,,,,
2819399468,64015,,,,,
21984352,64015,,,,,
114584062,64015,,,,,
190488649,64015,,,,,
303138126,64015,,,,,
578519229,64015,,,,,
3060940350,64015,,,,,
77569273,64015,,,,,
123285439,64015,,,,,
2478604735,64015,,,,,
52182451,64015,,,,,
180069520,64015,,,,,
317616186,64015,,,,,
484328857,64015,,,,,
517996016,64015,,,,,
717865504,64015,,,,,
2616729301,64015,,,,,
14763416,64015,,,,,
32137018,64015,,,,,
64021942,64015,,,,,
198753021,64015,,,,,
243007875,64015,,,,,
716462568,64015,,,,,
2800604181,64015,,,,,
63606413,64015,,,,,
222256680,64015,,,,,
307344601,64015,,,,,
336102422,64015,,,,,
448233001,64015,,,,,
944429306,64015,,,,,
2799257547,64015,,,,,
217614549,64015,,,,,
217735672,64015,,,,,
472705687,64015,,,,,
497754482,64015,,,,,
743608790,64015,,,,,
1409353368,64015,,,,,
1721208716,64015,,,,,
2828679680,64015,,,,,
45702407,64015,,,,,
51526918,64015,,,,,
256063611,64015,,,,,
394702063,64015,,,,,
852732822,64015,,,,,
187147866,64015,,,,,
1702914241,64015,,,,,
43979344,64015,,,,,
124026965,64015,,,,,
296264280,64015,,,,,
604940737,64015,,,,,
2407126903,64015,,,,,
449536832,64015,,,,,
521130992,64015,,,,,
547220457,64015,,,,,
597381268,64015,,,,,
2168005560,64015,,,,,
2546258378,64015,,,,,
2717371227,64015,,,,,
2774128810,64015,,,,,
2876984245,64015,,,,,
2917808281,64015,,,,,
616026681,64015,,,,,
2389079403,64015,,,,,
274307380,64015,,,,,
2539669128,64015,,,,,
368641255,64015,,,,,
1102767710,64015,,,,,
2959081706,64015,,,,,
429803867,64015,,,,,
2562009379,64015,,,,,
38848610,64015,,,,,
49724874,64015,,,,,
62144605,64015,,,,,
162500925,64015,,,,,
322562662,64015,,,,,
323123573,64015,,,,,
398400889,64015,,,,,
764310858,64015,,,,,
858840044,64015,,,,,
129575487,64015,,,,,
537904539,64015,,,,,
913766053,64015,,,,,
1145260892,64015,,,,,
2800247743,64015,,,,,
23981519,64015,,,,,
318887224,64015,,,,,
435522686,64015,,,,,
612703076,64015,,,,,
213473345,64015,,,,,
1223754842,64015,,,,,
1343169625,64015,,,,,
2586174174,64015,,,,,
2821287380,64015,,,,,
248064766,64015,,,,,
502946830,64015,,,,,
2288916363,64015,,,,,
2689361817,64015,,,,,
17353325,64015,,,,,
114139636,64015,,,,,
284566108,64015,,,,,
636600737,64015,,,,,
776359974,64015,,,,,
708041725,64015,,,,,
716300766,64015,,,,,
2284471459,64015,,,,,
19441562,64015,,,,,
43227250,64015,,,,,
87578491,64015,,,,,
149031504,64015,,,,,
263821744,64015,,,,,
379066161,64015,,,,,
477300945,64015,,,,,
1408248066,64015,,,,,
2378787824,64015,,,,,
3098987702,64015,,,,,
278000399,64015,,,,,
306853279,64015,,,,,
567184513,64015,,,,,
152696321,64015,,,,,
265555512,64015,,,,,
334938116,64015,,,,,
353878081,64015,,,,,
403621793,64015,,,,,
551645709,64015,,,,,
2994759509,64015,,,,,
586868772,64015,,,,,
118454368,64015,,,,,
274127760,64015,,,,,
341105477,64015,,,,,
511632637,64015,,,,,
614556553,64015,,,,,
1587274878,64015,,,,,
3012613711,64015,,,,,
67892187,64015,,,,,
392124234,64015,,,,,
2798673078,64015,,,,,
29788074,64015,,,,,
172307372,64015,,,,,
315299108,64015,,,,,
541291753,64015,,,,,
1419312385,64015,,,,,
16067592,64015,,,,,
307523924,64015,,,,,
346032448,64015,,,,,
418403417,64015,,,,,
2555971147,64015,,,,,
245943898,64015,,,,,
335013911,64015,,,,,
1643915736,64015,,,,,
3003553487,64015,,,,,
3035199522,64015,,,,,
157626299,64015,,,,,
406020164,64015,,,,,
569343931,64015,,,,,
598488696,64015,,,,,
1089118646,64015,,,,,
1340348983,64015,,,,,
2390636869,64015,,,,,
2780648923,64015,,,,,
2916098084,64015,,,,,
3010234459,64015,,,,,
357430764,64015,,,,,
15098511,64015,,,,,
565176221,64015,,,,,
39050411,64015,,,,,
390561568,64015,,,,,
1331836352,64015,,,,,
85058960,64015,,,,,
948517734,64015,,,,,
2935953329,64015,,,,,
27995424,64015,,,,,
197223039,64015,,,,,
1253217218,64015,,,,,
2790017276,64015,,,,,
160797227,64015,,,,,
460771287,64015,,,,,
506928935,64015,,,,,
747450078,64015,,,,,
2148747071,64015,,,,,
3145118776,64015,,,,,
119203720,64015,,,,,
306546738,64015,,,,,
450200906,64015,,,,,
548023970,64015,,,,,
1198020224,64015,,,,,
34419418,64015,,,,,
57569746,64015,,,,,
572655955,64015,,,,,
633157427,64015,,,,,
1357649856,64015,,,,,
133781996,64015,,,,,
211411397,64015,,,,,
249801662,64015,,,,,
414304133,64015,,,,,
1043378264,64015,,,,,
1325569712,64015,,,,,
2430695666,64015,,,,,
2486362268,64015,,,,,
30749245,64015,,,,,
152789599,64015,,,,,
708368700,64015,,,,,
2583834218,64015,,,,,
191735411,64015,,,,,
330488565,64015,,,,,
602155855,64015,,,,,
1372068458,64015,,,,,
120647454,64015,,,,,
207228898,64015,,,,,
564938825,64015,,,,,
107816182,64015,,,,,
2960226267,64015,,,,,
192700303,64015,,,,,
457063991,64015,,,,,
579014340,64015,,,,,
790327897,64015,,,,,
865937360,64015,,,,,
2331785244,64015,,,,,
2502539053,64015,,,,,
232732866,64015,,,,,
416912120,64015,,,,,
423936363,64015,,,,,
734954521,64015,,,,,
2601118179,64015,,,,,
205615349,64015,,,,,
541388119,64015,,,,,
1735190114,64015,,,,,
307146484,64015,,,,,
537517972,64015,,,,,
554024300,64015,,,,,
635136967,64015,,,,,
1425879962,64015,,,,,
2652130272,64015,,,,,
2744023534,64015,,,,,
372576948,64015,,,,,
605117281,64015,,,,,
1050390692,64015,,,,,
2165889521,64015,,,,,
2854642444,64015,,,,,
29536550,64015,,,,,
57670767,64015,,,,,
217279123,64015,,,,,
563569510,64015,,,,,
2696692639,64015,,,,,
17943624,64015,,,,,
59505816,64015,,,,,
234203848,64015,,,,,
476246002,64015,,,,,
1852596007,64015,,,,,
2999420404,64015,,,,,
14852199,64015,,,,,
34444537,64015,,,,,
230430144,64015,,,,,
319971801,64015,,,,,
394476726,64015,,,,,
734783736,64015,,,,,
987161486,64015,,,,,
1338036054,64015,,,,,
1546715839,64015,,,,,
2286301338,64015,,,,,
2836953618,64015,,,,,
3142174795,64015,,,,,
27539345,64015,,,,,
55314307,64015,,,,,
180202528,64015,,,,,
312740049,64015,,,,,
403803418,64015,,,,,
524275498,64015,,,,,
1864705867,64015,,,,,
2328849782,64015,,,,,
2558101388,64015,,,,,
2798023490,64015,,,,,
21601866,64015,,,,,
38748359,64015,,,,,
70065615,64015,,,,,
623298087,64015,,,,,
636170223,64015,,,,,
1543706659,64015,,,,,
1943304512,64015,,,,,
66573,64015,,,,,
419336983,64015,,,,,
508400339,64015,,,,,
1097881429,64015,,,,,
2658535940,64015,,,,,
2839357718,64015,,,,,
22345766,64015,,,,,
271736377,64015,,,,,
454985581,64015,,,,,
1029301681,64015,,,,,
1428658830,64015,,,,,
15962553,64015,,,,,
189537010,64015,,,,,
1169712512,64015,,,,,
2214235073,64015,,,,,
2784338651,64015,,,,,
176566301,64015,,,,,
571963656,64015,,,,,
1300443866,64015,,,,,
2621434204,64015,,,,,
47201670,64015,,,,,
118948925,64015,,,,,
223879478,64015,,,,,
1071921715,64015,,,,,
1215978740,64015,,,,,
2764790971,64015,,,,,
88584065,64015,,,,,
180408287,64015,,,,,
861703476,64015,,,,,
2204271258,64015,,,,,
2314928124,64015,,,,,
2937589445,64015,,,,,
269373244,64015,,,,,
49038258,64015,,,,,
61514072,64015,,,,,
175316806,64015,,,,,
69033687,64015,,,,,
313820589,64015,,,,,
545514285,64015,,,,,
2461503793,64015,,,,,
2540383537,64015,,,,,
2811376196,64015,,,,,
20314908,64015,,,,,
56538481,64015,,,,,
259432320,64015,,,,,
356294234,64015,,,,,
818299315,64015,,,,,
833494862,64015,,,,,
961063213,64015,,,,,
975983360,64015,,,,,
1740561662,64015,,,,,
2940058630,64015,,,,,
606042819,64015,,,,,
2495555893,64015,,,,,
259094582,64015,,,,,
134340234,64015,,,,,
341309563,64015,,,,,
2478308545,64015,,,,,
3235780941,64015,,,,,
488670076,64015,,,,,
627595308,64015,,,,,
1830992748,64015,,,,,
2309072702,64015,,,,,
3148513525,64015,,,,,
261619045,64015,,,,,
524708581,64015,,,,,
1354035534,64015,,,,,
24056805,64015,,,,,
80760608,64015,,,,,
130668639,64015,,,,,
293105043,64015,,,,,
308499088,64015,,,,,
449290480,64015,,,,,
465211726,64015,,,,,
586735875,64015,,,,,
2463804740,64015,,,,,
2973913383,64015,,,,,
3001154285,64015,,,,,
350004554,64015,,,,,
385668781,64015,,,,,
1297624974,64015,,,,,
2770285144,64015,,,,,
2785662764,64015,,,,,
997266949,64015,,,,,
2804589377,64015,,,,,
219315620,64015,,,,,
1627549434,64015,,,,,
2786148047,64015,,,,,
3087969830,64015,,,,,
93100491,64015,,,,,
370370402,64015,,,,,
441286634,64015,,,,,
961815751,64015,,,,,
1181997601,64015,,,,,
43768003,64015,,,,,
84675171,64015,,,,,
258052017,64015,,,,,
304810788,64015,,,,,
780804608,64015,,,,,
1128997177,64015,,,,,
2708351761,64015,,,,,
522054105,64015,,,,,
574338269,64015,,,,,
1347630517,64015,,,,,
2809525758,64015,,,,,
2912875937,64015,,,,,
184418903,64015,,,,,
280292679,64015,,,,,
325757659,64015,,,,,
2407483297,64015,,,,,
2481891042,64015,,,,,
49235454,64015,,,,,
826313148,64015,,,,,
835990843,64015,,,,,
2242195845,64015,,,,,
2444259996,64015,,,,,
2603831905,64015,,,,,
2654217169,64015,,,,,
3008482603,64015,,,,,
1491226010,64015,,,,,
2729573502,64015,,,,,
2919703904,64015,,,,,
1959537054,64015,,,,,
2289655500,64015,,,,,
143030023,64015,,,,,
1355758458,64015,,,,,
2187074539,64015,,,,,
2197008320,64015,,,,,
2392604065,64015,,,,,
2612506890,64015,,,,,
2988481595,64015,,,,,
43482933,64015,,,,,
44575392,64015,,,,,
328027066,64015,,,,,
597515558,64015,,,,,
750763662,64015,,,,,
2850949728,64015,,,,,
736302102,64015,,,,,
2214599695,64015,,,,,
2690896790,64015,,,,,
2728665966,64015,,,,,
3150029750,64015,,,,,
516402832,64015,,,,,
836742500,64015,,,,,
1229083100,64015,,,,,
1374111031,64015,,,,,
2951344404,64015,,,,,
339233830,64015,,,,,
349493080,64015,,,,,
1665080466,64015,,,,,
2411611591,64015,,,,,
2956062549,64015,,,,,
3077810567,64015,,,,,
112524101,64015,,,,,
607042961,64015,,,,,
1684021634,64015,,,,,
2187914996,64015,,,,,
2444380320,64015,,,,,
3028684270,64015,,,,,
86311910,64015,,,,,
405782014,64015,,,,,
2250669962,64015,,,,,
2425900773,64015,,,,,
270654860,64015,,,,,
303923593,64015,,,,,
485109601,64015,,,,,
779597778,64015,,,,,
1510350960,64015,,,,,
2157190640,64015,,,,,
2420775846,64015,,,,,
2733641797,64015,,,,,
31510688,64015,,,,,
57313997,64015,,,,,
217368823,64015,,,,,
383901558,64015,,,,,
976354352,64015,,,,,
1618829742,64015,,,,,
250809832,64015,,,,,
431657443,64015,,,,,
495530188,64015,,,,,
1279431362,64015,,,,,
122152304,64015,,,,,
230274525,64015,,,,,
301285218,64015,,,,,
444122391,64015,,,,,
577597690,64015,,,,,
751902276,64015,,,,,
3099794758,64015,,,,,
226823170,64015,,,,,
367053872,64015,,,,,
452524134,64015,,,,,
2330894053,64015,,,,,
3107023579,64015,,,,,
58803401,64015,,,,,
258383572,64015,,,,,
276712379,64015,,,,,
336503783,64015,,,,,
1563892518,64015,,,,,
2739659731,64015,,,,,
66720925,64015,,,,,
312882032,64015,,,,,
323002937,64015,,,,,
600589079,64015,,,,,
185194792,64015,,,,,
400927907,64015,,,,,
741100687,64015,,,,,
1402959787,64015,,,,,
2665540398,64015,,,,,
32446433,64015,,,,,
64059721,64015,,,,,
143665730,64015,,,,,
399445906,64015,,,,,
194573948,64015,,,,,
203729443,64015,,,,,
753035628,64015,,,,,
1544433596,64015,,,,,
2885545677,64015,,,,,
118164309,64015,,,,,
172180404,64015,,,,,
291421323,64015,,,,,
2536135205,64015,,,,,
52995019,64015,,,,,
243859653,64015,,,,,
1583324226,64015,,,,,
2421106164,64015,,,,,
3169247468,64015,,,,,
32218443,64015,,,,,
33636415,64015,,,,,
120608597,64015,,,,,
336427431,64015,,,,,
971308332,64015,,,,,
22158071,64015,,,,,
56097286,64015,,,,,
133437909,64015,,,,,
427327821,64015,,,,,
595820027,64015,,,,,
2320428579,64015,,,,,
2951848618,64015,,,,,
17775327,64015,,,,,
20998450,64015,,,,,
32662315,64015,,,,,
113151477,64015,,,,,
180145104,64015,,,,,
200524585,64015,,,,,
242481864,64015,,,,,
851161057,64015,,,,,
1316334918,64015,,,,,
2463827682,64015,,,,,
2799217484,64015,,,,,
2863270122,64015,,,,,
73747672,64015,,,,,
3019898883,64015,,,,,
3081179425,64015,,,,,
31159047,64015,,,,,
1088164062,64015,,,,,
2455697689,64015,,,,,
2763166569,64015,,,,,
2867742502,64015,,,,,
2869819638,64015,,,,,
43162654,64015,,,,,
327737174,64015,,,,,
486648348,64015,,,,,
2257280328,64015,,,,,
2596649726,64015,,,,,
2925667283,64015,,,,,
273810765,64015,,,,,
336796677,64015,,,,,
61812744,64015,,,,,
311662729,64015,,,,,
717533898,64015,,,,,
1084582398,64015,,,,,
2434125236,64015,,,,,
2608048844,64015,,,,,
139780994,64015,,,,,
277612492,64015,,,,,
358390282,64015,,,,,
364962021,64015,,,,,
531085798,64015,,,,,
1067575254,64015,,,,,
2790160357,64015,,,,,
34105006,64015,,,,,
50710738,64015,,,,,
431683607,64015,,,,,
986031606,64015,,,,,
1526629423,64015,,,,,
83458108,64015,,,,,
288985526,64015,,,,,
551204107,64015,,,,,
620598091,64015,,,,,
708216222,64015,,,,,
2546293207,64015,,,,,
2567292679,64015,,,,,
620333,64015,,,,,
16019166,64015,,,,,
21553487,64015,,,,,
213738479,64015,,,,,
755498604,64015,,,,,
914415138,64015,,,,,
1155465492,64015,,,,,
1858257644,64015,,,,,
28560884,64015,,,,,
37311844,64015,,,,,
77867982,64015,,,,,
197473463,64015,,,,,
241952931,64015,,,,,
2386169708,64015,,,,,
2713603155,64015,,,,,
2781537373,64015,,,,,
48479036,64015,,,,,
131951051,64015,,,,,
248389778,64015,,,,,
525769988,64015,,,,,
1856188314,64015,,,,,
18874478,64015,,,,,
353327386,64015,,,,,
2688167298,64015,,,,,
128590338,64015,,,,,
234100254,64015,,,,,
1293283884,64015,,,,,
2864061615,64015,,,,,
2897453451,64015,,,,,
34537614,64015,,,,,
148607567,64015,,,,,
163378312,64015,,,,,
463263818,64015,,,,,
594198690,64015,,,,,
2776287180,64015,,,,,
252978405,64015,,,,,
441296954,64015,,,,,
484802472,64015,,,,,
566808903,64015,,,,,
616914027,64015,,,,,
957927960,64015,,,,,
970334948,64015,,,,,
90727038,64015,,,,,
106540904,64015,,,,,
382296252,64015,,,,,
539024115,64015,,,,,
806254171,64015,,,,,
1272054624,64015,,,,,
1351331844,64015,,,,,
2856744472,64015,,,,,
3029221168,64015,,,,,
3111555519,64015,,,,,
18106533,64015,,,,,
27792438,64015,,,,,
2277838074,64015,,,,,
38786759,64015,,,,,
635028374,64015,,,,,
2196949363,64015,,,,,
2466307230,64015,,,,,
2716411580,64015,,,,,
2837543789,64015,,,,,
156874747,64015,,,,,
2217847967,64015,,,,,
22642848,64015,,,,,
231641754,64015,,,,,
462508830,64015,,,,,
1840541953,64015,,,,,
3032016947,64015,,,,,
127993198,64015,,,,,
1087379857,64015,,,,,
2180799674,64015,,,,,
2574354365,64015,,,,,
2923467589,64015,,,,,
3186242504,64015,,,,,
170898804,64015,,,,,
351875799,64015,,,,,
443787080,64015,,,,,
1418690826,64015,,,,,
1481197452,64015,,,,,
1583831923,64015,,,,,
255005402,64015,,,,,
1706869376,64015,,,,,
2376374672,64015,,,,,
2754563025,64015,,,,,
219688720,64015,,,,,
309228105,64015,,,,,
848562145,64015,,,,,
2600566908,64015,,,,,
288709211,64015,,,,,
574051065,64015,,,,,
59932707,64015,,,,,
254353723,64015,,,,,
1277005201,64015,,,,,
1856704795,64015,,,,,
2900022675,64015,,,,,
48232726,64015,,,,,
320789168,64015,,,,,
341312888,64015,,,,,
596900760,64015,,,,,
1113343482,64015,,,,,
1280795558,64015,,,,,
2891369751,64015,,,,,
89258368,64015,,,,,
478172467,64015,,,,,
551392947,64015,,,,,
3001118847,64015,,,,,
35932145,64015,,,,,
66701862,64015,,,,,
75330493,64015,,,,,
1058641148,64015,,,,,
2529955993,64015,,,,,
46010316,64015,,,,,
138461998,64015,,,,,
149495489,64015,,,,,
155190873,64015,,,,,
251870722,64015,,,,,
930004364,64015,,,,,
2206301345,64015,,,,,
3017450645,64015,,,,,
3118126450,64015,,,,,
17605064,64015,,,,,
32627436,64015,,,,,
558330852,64015,,,,,
3059714212,64015,,,,,
27796971,64015,,,,,
312851616,64015,,,,,
377677821,64015,,,,,
568682260,64015,,,,,
2286005996,64015,,,,,
2313977869,64015,,,,,
2759933804,64015,,,,,
2895093446,64015,,,,,
2930084335,64015,,,,,
74933406,64015,,,,,
83788110,64015,,,,,
286057301,64015,,,,,
529110895,64015,,,,,
2872905226,64015,,,,,
47695096,64015,,,,,
166012142,64015,,,,,
212228421,64015,,,,,
282371808,64015,,,,,
497622452,64015,,,,,
1354041900,64015,,,,,
17427729,64015,,,,,
26553783,64015,,,,,
231978735,64015,,,,,
1881459204,64015,,,,,
2259728141,64015,,,,,
119277941,64015,,,,,
1393323403,64015,,,,,
2596686282,64015,,,,,
26153597,64015,,,,,
54791044,64015,,,,,
68638255,64015,,,,,
86934802,64015,,,,,
170835352,64015,,,,,
197432364,64015,,,,,
14460569,64015,,,,,
71334442,64015,,,,,
215130274,64015,,,,,
593350459,64015,,,,,
1255389914,64015,,,,,
2835183273,64015,,,,,
386431722,64015,,,,,
624332153,64015,,,,,
629991633,64015,,,,,
941732544,64015,,,,,
1393395336,64015,,,,,
2172800610,64015,,,,,
2999381675,64015,,,,,
326881171,64015,,,,,
379865015,64015,,,,,
535041839,64015,,,,,
547740026,64015,,,,,
1292783623,64015,,,,,
1338707694,64015,,,,,
1560067639,64015,,,,,
2876449684,64015,,,,,
73644377,64015,,,,,
128711161,64015,,,,,
249870703,64015,,,,,
16105851,64015,,,,,
25572164,64015,,,,,
2294998164,64015,,,,,
2905216350,64015,,,,,
2943114725,64015,,,,,
3300,64015,,,,,
238795460,64015,,,,,
312597884,64015,,,,,
323982384,64015,,,,,
518010578,64015,,,,,
607860649,64015,,,,,
1254759386,64015,,,,,
1674197340,64015,,,,,
2956269363,64015,,,,,
314204874,64015,,,,,
1074730754,64015,,,,,
1621363350,64015,,,,,
2911088499,64015,,,,,
3040961495,64015,,,,,
27563554,64015,,,,,
290149473,64015,,,,,
539284059,64015,,,,,
1138578534,64015,,,,,
2323364317,64015,,,,,
2661016190,64015,,,,,
2921431298,64015,,,,,
3048233146,64015,,,,,
22135586,64015,,,,,
182138343,64015,,,,,
200942067,64015,,,,,
446501729,64015,,,,,
450470959,64015,,,,,
1087282525,64015,,,,,
2281275937,64015,,,,,
163945249,64015,,,,,
353655676,64015,,,,,
616307523,64015,,,,,
3007718590,64015,,,,,
7603032,64015,,,,,
26266228,64015,,,,,
246130270,64015,,,,,
893943188,64015,,,,,
47515282,64015,,,,,
191240034,64015,,,,,
371770419,64015,,,,,
627270995,64015,,,,,
2183218400,64015,,,,,
2600142236,64015,,,,,
6138442,64015,,,,,
93029760,64015,,,,,
108656461,64015,,,,,
774966642,64015,,,,,
1000423590,64015,,,,,
1045488516,64015,,,,,
3022506324,64015,,,,,
150087139,64015,,,,,
483549728,64015,,,,,
15399702,64015,,,,,
109961765,64015,,,,,
377646679,64015,,,,,
2194203349,64015,,,,,
2320144862,64015,,,,,
2964877911,64015,,,,,
316356077,64015,,,,,
853757250,64015,,,,,
2535321836,64015,,,,,
2959411306,64015,,,,,
2992320486,64015,,,,,
3001146011,64015,,,,,
86656563,64015,,,,,
94185107,64015,,,,,
141393104,64015,,,,,
276290706,64015,,,,,
551912458,64015,,,,,
1206350852,64015,,,,,
2221906273,64015,,,,,
601302756,64015,,,,,
2416687040,64015,,,,,
275631894,64015,,,,,
615046860,64015,,,,,
621475473,64015,,,,,
1088913691,64015,,,,,
2223153610,64015,,,,,
2948728542,64015,,,,,
3132259671,64015,,,,,
41412454,64015,,,,,
224429437,64015,,,,,
236570478,64015,,,,,
1679363065,64015,,,,,
2555272058,64015,,,,,
2623839658,64015,,,,,
2990574423,64015,,,,,
3001116105,64015,,,,,
24013474,64015,,,,,
110271982,64015,,,,,
169772193,64015,,,,,
366968182,64015,,,,,
880693117,64015,,,,,
74067161,64015,,,,,
88452637,64015,,,,,
2808266320,64015,,,,,
33448971,64015,,,,,
41446489,64015,,,,,
60745484,64015,,,,,
161418504,64015,,,,,
194456501,64015,,,,,
232616496,64015,,,,,
328067458,64015,,,,,
608984174,64015,,,,,
2999566379,64015,,,,,
31099398,64015,,,,,
237469190,64015,,,,,
529791057,64015,,,,,
597621302,64015,,,,,
752454410,64015,,,,,
2253788059,64015,,,,,
20218146,64015,,,,,
262377778,64015,,,,,
272607097,64015,,,,,
437580756,64015,,,,,
778606405,64015,,,,,
1265024292,64015,,,,,
2420121943,64015,,,,,
2521360695,64015,,,,,
197838884,64015,,,,,
792308245,64015,,,,,
948043992,64015,,,,,
2767256731,64015,,,,,
3017405151,64015,,,,,
3028191076,64015,,,,,
78936361,64015,,,,,
135657985,64015,,,,,
185297551,64015,,,,,
259064847,64015,,,,,
2252884777,64015,,,,,
2451826554,64015,,,,,
2749420192,64015,,,,,
2968577429,64015,,,,,
117685747,64015,,,,,
1641125220,64015,,,,,
1953591956,64015,,,,,
2319934142,64015,,,,,
150772913,64015,,,,,
460696537,64015,,,,,
562670469,64015,,,,,
2854526564,64015,,,,,
34528112,64015,,,,,
439601231,64015,,,,,
2163638161,64015,,,,,
2539798223,64015,,,,,
2546736998,64015,,,,,
2872660730,64015,,,,,
2889250339,64015,,,,,
22839400,64015,,,,,
276452562,64015,,,,,
400612946,64015,,,,,
952445420,64015,,,,,
2695164523,64015,,,,,
2926200583,64015,,,,,
312406663,64015,,,,,
2183603647,64015,,,,,
2298785670,64015,,,,,
25599299,64015,,,,,
48064262,64015,,,,,
65689819,64015,,,,,
359432186,64015,,,,,
410409653,64015,,,,,
1645844995,64015,,,,,
2331051875,64015,,,,,
38697336,64015,,,,,
1066313970,64015,,,,,
1323748387,64015,,,,,
2353570201,64015,,,,,
2436589996,64015,,,,,
61588897,64015,,,,,
1621379785,64015,,,,,
2965162109,64015,,,,,
521463157,64015,,,,,
1242511956,64015,,,,,
2211850180,64015,,,,,
2726015860,64015,,,,,
40249753,64015,,,,,
44889173,64015,,,,,
236675502,64015,,,,,
1066220761,64015,,,,,
1346379062,64015,,,,,
2999769502,64015,,,,,
15068897,64015,,,,,
408686208,64015,,,,,
463111570,64015,,,,,
612123758,64015,,,,,
2274640492,64015,,,,,
2973433631,64015,,,,,
37259306,64015,,,,,
70710497,64015,,,,,
320521060,64015,,,,,
1387384418,64015,,,,,
2355261788,64015,,,,,
2559148175,64015,,,,,
21457341,64015,,,,,
55525101,64015,,,,,
189953011,64015,,,,,
1217038904,64015,,,,,
1399155230,64015,,,,,
119594272,64015,,,,,
180175758,64015,,,,,
942200250,64015,,,,,
2504224987,64015,,,,,
3017411055,64015,,,,,
31770138,64015,,,,,
77581779,64015,,,,,
101889192,64015,,,,,
311980061,64015,,,,,
374864469,64015,,,,,
570529372,64015,,,,,
758530826,64015,,,,,
1336527348,64015,,,,,
2158902913,64015,,,,,
168314976,64015,,,,,
255266305,64015,,,,,
375354640,64015,,,,,
2698602856,64015,,,,,
18847172,64015,,,,,
131786636,64015,,,,,
1466582120,64015,,,,,
2542830613,64015,,,,,
2870943491,64015,,,,,
2984705398,64015,,,,,
47151236,64015,,,,,
128330960,64015,,,,,
426381525,64015,,,,,
620634191,64015,,,,,
1713668119,64015,,,,,
2151778352,64015,,,,,
2198721030,64015,,,,,
2348905996,64015,,,,,
248989689,64015,,,,,
536665472,64015,,,,,
717934441,64015,,,,,
1655948786,64015,,,,,
2811977427,64015,,,,,
3001140587,64015,,,,,
3106961545,64015,,,,,
24936920,64015,,,,,
71989243,64015,,,,,
112212057,64015,,,,,
466825950,64015,,,,,
710174924,64015,,,,,
2731701207,64015,,,,,
3029945121,64015,,,,,
20213360,64015,,,,,
53161551,64015,,,,,
272602037,64015,,,,,
292122724,64015,,,,,
416141164,64015,,,,,
629977022,64015,,,,,
1095862736,64015,,,,,
1833228726,64015,,,,,
2183561821,64015,,,,,
2393726004,64015,,,,,
2430975878,64015,,,,,
2594121976,64015,,,,,
52833248,64015,,,,,
329676667,64015,,,,,
531822874,64015,,,,,
1269891320,64015,,,,,
163205219,64015,,,,,
329116859,64015,,,,,
417355820,64015,,,,,
1590890774,64015,,,,,
2386910047,64015,,,,,
152627394,64015,,,,,
387074628,64015,,,,,
419149456,64015,,,,,
620353303,64015,,,,,
952744640,64015,,,,,
1488748290,64015,,,,,
2471802871,64015,,,,,
2626893028,64015,,,,,
3030859085,64015,,,,,
488967224,64015,,,,,
576587111,64015,,,,,
2735681620,64015,,,,,
2908979419,64015,,,,,
3087725546,64015,,,,,
17799362,64015,,,,,
23514851,64015,,,,,
81967196,64015,,,,,
555190965,64015,,,,,
872462977,64015,,,,,
1940790319,64015,,,,,
2779119355,64015,,,,,
3061683523,64015,,,,,
486935848,64015,,,,,
27993299,64015,,,,,
145591029,64015,,,,,
271027125,64015,,,,,
448516102,64015,,,,,
621593850,64015,,,,,
1253053693,64015,,,,,
77793735,64015,,,,,
2234517980,64015,,,,,
18675894,64015,,,,,
44897078,64015,,,,,
185422089,64015,,,,,
243448254,64015,,,,,
2288010913,64015,,,,,
33328554,64015,,,,,
84822259,64015,,,,,
195066431,64015,,,,,
361156809,64015,,,,,
381796151,64015,,,,,
1120863972,64015,,,,,
1474436725,64015,,,,,
2771855907,64015,,,,,
49062175,64015,,,,,
294015848,64015,,,,,
574757679,64015,,,,,
178504030,64015,,,,,
251748401,64015,,,,,
592488330,64015,,,,,
966952165,64015,,,,,
1542261558,64015,,,,,
2776512522,64015,,,,,
2871399976,64015,,,,,
2905499085,64015,,,,,
21755789,64015,,,,,
37128297,64015,,,,,
41386044,64015,,,,,
87163131,64015,,,,,
326465198,64015,,,,,
390651232,64015,,,,,
846667268,64015,,,,,
1625098950,64015,,,,,
2994038686,64015,,,,,
70419338,64015,,,,,
2897223175,64015,,,,,
64494485,64015,,,,,
2713447356,64015,,,,,
3027575081,64015,,,,,
207629702,64015,,,,,
367993354,64015,,,,,
610534725,64015,,,,,
872668027,64015,,,,,
2659331251,64015,,,,,
2918810254,64015,,,,,
57841506,64015,,,,,
75739512,64015,,,,,
86884360,64015,,,,,
178800753,64015,,,,,
321840575,64015,,,,,
2459617730,64015,,,,,
64212398,64015,,,,,
2357100876,64015,,,,,
2435746338,64015,,,,,
2871358198,64015,,,,,
3028756050,64015,,,,,
44313168,64015,,,,,
280173845,64015,,,,,
309599662,64015,,,,,
497936865,64015,,,,,
2303718997,64015,,,,,
134229245,64015,,,,,
143030801,64015,,,,,
180186961,64015,,,,,
990087559,64015,,,,,
71349845,64015,,,,,
104490938,64015,,,,,
192188792,64015,,,,,
1296214706,64015,,,,,
1669194259,64015,,,,,
2464231099,64015,,,,,
2708134740,64015,,,,,
2735289711,64015,,,,,
2882125042,64015,,,,,
49216749,64015,,,,,
121215891,64015,,,,,
246495458,64015,,,,,
1893821228,64015,,,,,
2293697378,64015,,,,,
2761565010,64015,,,,,
181678101,64015,,,,,
267555604,64015,,,,,
465263155,64015,,,,,
1947379388,64015,,,,,
2191613852,64015,,,,,
2696523326,64015,,,,,
3051885185,64015,,,,,
76139291,64015,,,,,
77660061,64015,,,,,
234094005,64015,,,,,
424725791,64015,,,,,
2741132973,64015,,,,,
107503845,64015,,,,,
329989961,64015,,,,,
400953479,64015,,,,,
456260026,64015,,,,,
1649124067,64015,,,,,
2769636128,64015,,,,,
177996219,64015,,,,,
191149170,64015,,,,,
1384948640,64015,,,,,
2200249212,64015,,,,,
2731633078,64015,,,,,
55215082,64015,,,,,
174400828,64015,,,,,
229351755,64015,,,,,
286816759,64015,,,,,
528234120,64015,,,,,
600858559,64015,,,,,
1556284093,64015,,,,,
2530419199,64015,,,,,
2939383077,64015,,,,,
3029948097,64015,,,,,
367754776,64015,,,,,
585845976,64015,,,,,
1499657430,64015,,,,,
2357679159,64015,,,,,
2805334946,64015,,,,,
2998386443,64015,,,,,
3181110127,64015,,,,,
61699674,64015,,,,,
311209601,64015,,,,,
25194473,64015,,,,,
48848327,64015,,,,,
56287868,64015,,,,,
133259087,64015,,,,,
2828935165,64015,,,,,
2961785794,64015,,,,,
78875479,64015,,,,,
365174755,64015,,,,,
161855630,64015,,,,,
226830039,64015,,,,,
2579367470,64015,,,,,
3029948175,64015,,,,,
30414552,64015,,,,,
479212951,64015,,,,,
519089654,64015,,,,,
1901033312,64015,,,,,
2793532813,64015,,,,,
352087664,64015,,,,,
482476896,64015,,,,,
603296308,64015,,,,,
1263201577,64015,,,,,
2458350638,64015,,,,,
2598217694,64015,,,,,
681473,64015,,,,,
193650125,64015,,,,,
379732614,64015,,,,,
1679016260,64015,,,,,
63487481,64015,,,,,
353566287,64015,,,,,
